[{"model": "contenttypes.contenttype", "pk": 1, "fields": {"app_label": "admin", "model": "logentry"}}, {"model": "contenttypes.contenttype", "pk": 2, "fields": {"app_label": "auth", "model": "permission"}}, {"model": "contenttypes.contenttype", "pk": 3, "fields": {"app_label": "auth", "model": "group"}}, {"model": "contenttypes.contenttype", "pk": 4, "fields": {"app_label": "auth", "model": "user"}}, {"model": "contenttypes.contenttype", "pk": 5, "fields": {"app_label": "contenttypes", "model": "contenttype"}}, {"model": "contenttypes.contenttype", "pk": 6, "fields": {"app_label": "sessions", "model": "session"}}, {"model": "contenttypes.contenttype", "pk": 7, "fields": {"app_label": "blog", "model": "blog"}}, {"model": "contenttypes.contenttype", "pk": 8, "fields": {"app_label": "blog", "model": "blogtype"}}, {"model": "contenttypes.contenttype", "pk": 9, "fields": {"app_label": "blog", "model": "readnum"}}, {"model": "contenttypes.contenttype", "pk": 10, "fields": {"app_label": "read_statistics", "model": "readnum"}}, {"model": "contenttypes.contenttype", "pk": 11, "fields": {"app_label": "read_statistics", "model": "readdetail"}}, {"model": "contenttypes.contenttype", "pk": 12, "fields": {"app_label": "comment", "model": "comment"}}, {"model": "contenttypes.contenttype", "pk": 13, "fields": {"app_label": "likes", "model": "likecount"}}, {"model": "contenttypes.contenttype", "pk": 14, "fields": {"app_label": "likes", "model": "likerecord"}}, {"model": "contenttypes.contenttype", "pk": 15, "fields": {"app_label": "user", "model": "profile"}}, {"model": "sessions.session", "pk": "715gfs9o0u9vztpn6wezon6u086px6ht", "fields": {"session_data": "YTBmZWJkNzYyYzk5NTliMjExYjA2MjM2MTZjYzE3ZGY5NjYxNzExNjp7Il9hdXRoX3VzZXJfaWQiOiIxIiwiX2F1dGhfdXNlcl9iYWNrZW5kIjoiZGphbmdvLmNvbnRyaWIuYXV0aC5iYWNrZW5kcy5Nb2RlbEJhY2tlbmQiLCJfYXV0aF91c2VyX2hhc2giOiJjMTYzMTgzYjYwYTQ4OGZhYjJmOGYzMzdiZmU0NWY3MjllNmE4MTVmIn0=", "expire_date": "2020-08-05T06:56:47.857"}}, {"model": "sessions.session", "pk": "azqbvaevj6a07udoyx3auy0tzncncm9y", "fields": {"session_data": "YzE0NGY3MTEyN2Q1NmNkZWM4ZDkyMjliMzQ5YzM1NzI1ZDJkZGY0MDp7fQ==", "expire_date": "2020-08-19T19:58:36.032"}}, {"model": "sessions.session", "pk": "butcn87nw91hdiwl8txrnt68dh6sg21n", "fields": {"session_data": "YTBmZWJkNzYyYzk5NTliMjExYjA2MjM2MTZjYzE3ZGY5NjYxNzExNjp7Il9hdXRoX3VzZXJfaWQiOiIxIiwiX2F1dGhfdXNlcl9iYWNrZW5kIjoiZGphbmdvLmNvbnRyaWIuYXV0aC5iYWNrZW5kcy5Nb2RlbEJhY2tlbmQiLCJfYXV0aF91c2VyX2hhc2giOiJjMTYzMTgzYjYwYTQ4OGZhYjJmOGYzMzdiZmU0NWY3MjllNmE4MTVmIn0=", "expire_date": "2020-07-22T04:02:25.115"}}, {"model": "sessions.session", "pk": "dwtd45uer14d60p9qou9ibrlkrh2ycsg", "fields": {"session_data": "YTBmZWJkNzYyYzk5NTliMjExYjA2MjM2MTZjYzE3ZGY5NjYxNzExNjp7Il9hdXRoX3VzZXJfaWQiOiIxIiwiX2F1dGhfdXNlcl9iYWNrZW5kIjoiZGphbmdvLmNvbnRyaWIuYXV0aC5iYWNrZW5kcy5Nb2RlbEJhY2tlbmQiLCJfYXV0aF91c2VyX2hhc2giOiJjMTYzMTgzYjYwYTQ4OGZhYjJmOGYzMzdiZmU0NWY3MjllNmE4MTVmIn0=", "expire_date": "2020-08-16T16:50:52.947"}}, {"model": "sessions.session", "pk": "dzcr7nvd3wpx5zfn8vto34854um2lp6d", "fields": {"session_data": "YTBmZWJkNzYyYzk5NTliMjExYjA2MjM2MTZjYzE3ZGY5NjYxNzExNjp7Il9hdXRoX3VzZXJfaWQiOiIxIiwiX2F1dGhfdXNlcl9iYWNrZW5kIjoiZGphbmdvLmNvbnRyaWIuYXV0aC5iYWNrZW5kcy5Nb2RlbEJhY2tlbmQiLCJfYXV0aF91c2VyX2hhc2giOiJjMTYzMTgzYjYwYTQ4OGZhYjJmOGYzMzdiZmU0NWY3MjllNmE4MTVmIn0=", "expire_date": "2020-07-19T15:45:31.732"}}, {"model": "sessions.session", "pk": "ekje72jrfdgoppntes91no63zdql9e6p", "fields": {"session_data": "YzE0NGY3MTEyN2Q1NmNkZWM4ZDkyMjliMzQ5YzM1NzI1ZDJkZGY0MDp7fQ==", "expire_date": "2020-08-19T19:58:14.769"}}, {"model": "sessions.session", "pk": "hgxs0rldjewm72ux5hvzzl6nu9iif860", "fields": {"session_data": "YTBmZWJkNzYyYzk5NTliMjExYjA2MjM2MTZjYzE3ZGY5NjYxNzExNjp7Il9hdXRoX3VzZXJfaWQiOiIxIiwiX2F1dGhfdXNlcl9iYWNrZW5kIjoiZGphbmdvLmNvbnRyaWIuYXV0aC5iYWNrZW5kcy5Nb2RlbEJhY2tlbmQiLCJfYXV0aF91c2VyX2hhc2giOiJjMTYzMTgzYjYwYTQ4OGZhYjJmOGYzMzdiZmU0NWY3MjllNmE4MTVmIn0=", "expire_date": "2020-08-16T16:48:40.307"}}, {"model": "sessions.session", "pk": "lobp6u2cqd3h058ok20u26r9ra9eb7d1", "fields": {"session_data": "YTMwZDFhYTIxMDI4MTRmMmNmNjU5NGIyOWI3MTYwNmI0YWZiNTQ1Njp7Il9hdXRoX3VzZXJfaWQiOiI4IiwiX2F1dGhfdXNlcl9iYWNrZW5kIjoiZGphbmdvLmNvbnRyaWIuYXV0aC5iYWNrZW5kcy5Nb2RlbEJhY2tlbmQiLCJfYXV0aF91c2VyX2hhc2giOiIwMTY4Mzg0ZDEwNGM1Y2U2MTYxMGVmMzc4MTU0NmNlZTllOGU2YTUzIn0=", "expire_date": "2020-08-14T16:08:24.778"}}, {"model": "sessions.session", "pk": "q82o2sn7wdypfzpybiakosw2bjncdwip", "fields": {"session_data": "YzE0NGY3MTEyN2Q1NmNkZWM4ZDkyMjliMzQ5YzM1NzI1ZDJkZGY0MDp7fQ==", "expire_date": "2020-08-19T19:58:56.550"}}, {"model": "sessions.session", "pk": "ryosxctotjpcshgnvvml1ulqdwyigh2l", "fields": {"session_data": "YTBmZWJkNzYyYzk5NTliMjExYjA2MjM2MTZjYzE3ZGY5NjYxNzExNjp7Il9hdXRoX3VzZXJfaWQiOiIxIiwiX2F1dGhfdXNlcl9iYWNrZW5kIjoiZGphbmdvLmNvbnRyaWIuYXV0aC5iYWNrZW5kcy5Nb2RlbEJhY2tlbmQiLCJfYXV0aF91c2VyX2hhc2giOiJjMTYzMTgzYjYwYTQ4OGZhYjJmOGYzMzdiZmU0NWY3MjllNmE4MTVmIn0=", "expire_date": "2020-08-19T21:21:19.101"}}, {"model": "sessions.session", "pk": "s52qialiwyxukcwgyc2l5br9fdjqp172", "fields": {"session_data": "YTBmZWJkNzYyYzk5NTliMjExYjA2MjM2MTZjYzE3ZGY5NjYxNzExNjp7Il9hdXRoX3VzZXJfaWQiOiIxIiwiX2F1dGhfdXNlcl9iYWNrZW5kIjoiZGphbmdvLmNvbnRyaWIuYXV0aC5iYWNrZW5kcy5Nb2RlbEJhY2tlbmQiLCJfYXV0aF91c2VyX2hhc2giOiJjMTYzMTgzYjYwYTQ4OGZhYjJmOGYzMzdiZmU0NWY3MjllNmE4MTVmIn0=", "expire_date": "2020-08-07T13:52:48.503"}}, {"model": "sessions.session", "pk": "t7x2ixnpkd4z0l58d7do4egeycv8rbjf", "fields": {"session_data": "YTBmZWJkNzYyYzk5NTliMjExYjA2MjM2MTZjYzE3ZGY5NjYxNzExNjp7Il9hdXRoX3VzZXJfaWQiOiIxIiwiX2F1dGhfdXNlcl9iYWNrZW5kIjoiZGphbmdvLmNvbnRyaWIuYXV0aC5iYWNrZW5kcy5Nb2RlbEJhY2tlbmQiLCJfYXV0aF91c2VyX2hhc2giOiJjMTYzMTgzYjYwYTQ4OGZhYjJmOGYzMzdiZmU0NWY3MjllNmE4MTVmIn0=", "expire_date": "2020-07-27T15:08:16.355"}}, {"model": "sessions.session", "pk": "wmzua8nlf44ppij9ojr467hj7maxy9ku", "fields": {"session_data": "YzE0NGY3MTEyN2Q1NmNkZWM4ZDkyMjliMzQ5YzM1NzI1ZDJkZGY0MDp7fQ==", "expire_date": "2020-08-19T19:58:10.584"}}, {"model": "sessions.session", "pk": "x2sw0st37ir1n8dxe8hmq2gaganmpge9", "fields": {"session_data": "YTBmZWJkNzYyYzk5NTliMjExYjA2MjM2MTZjYzE3ZGY5NjYxNzExNjp7Il9hdXRoX3VzZXJfaWQiOiIxIiwiX2F1dGhfdXNlcl9iYWNrZW5kIjoiZGphbmdvLmNvbnRyaWIuYXV0aC5iYWNrZW5kcy5Nb2RlbEJhY2tlbmQiLCJfYXV0aF91c2VyX2hhc2giOiJjMTYzMTgzYjYwYTQ4OGZhYjJmOGYzMzdiZmU0NWY3MjllNmE4MTVmIn0=", "expire_date": "2020-07-22T04:02:25.036"}}, {"model": "sessions.session", "pk": "xvhax8ogxok0ng9pneefldvpzo9mn6uq", "fields": {"session_data": "YTBmZWJkNzYyYzk5NTliMjExYjA2MjM2MTZjYzE3ZGY5NjYxNzExNjp7Il9hdXRoX3VzZXJfaWQiOiIxIiwiX2F1dGhfdXNlcl9iYWNrZW5kIjoiZGphbmdvLmNvbnRyaWIuYXV0aC5iYWNrZW5kcy5Nb2RlbEJhY2tlbmQiLCJfYXV0aF91c2VyX2hhc2giOiJjMTYzMTgzYjYwYTQ4OGZhYjJmOGYzMzdiZmU0NWY3MjllNmE4MTVmIn0=", "expire_date": "2020-07-19T15:47:09.722"}}, {"model": "sessions.session", "pk": "zgvbl9ni7cfr7bo9wbuam5ejqs73cvge", "fields": {"session_data": "YTBmZWJkNzYyYzk5NTliMjExYjA2MjM2MTZjYzE3ZGY5NjYxNzExNjp7Il9hdXRoX3VzZXJfaWQiOiIxIiwiX2F1dGhfdXNlcl9iYWNrZW5kIjoiZGphbmdvLmNvbnRyaWIuYXV0aC5iYWNrZW5kcy5Nb2RlbEJhY2tlbmQiLCJfYXV0aF91c2VyX2hhc2giOiJjMTYzMTgzYjYwYTQ4OGZhYjJmOGYzMzdiZmU0NWY3MjllNmE4MTVmIn0=", "expire_date": "2020-08-22T11:45:22.930"}}, {"model": "blog.blogtype", "pk": 1, "fields": {"type_name": "Django"}}, {"model": "blog.blogtype", "pk": 2, "fields": {"type_name": "\u968f\u7b14"}}, {"model": "blog.blogtype", "pk": 3, "fields": {"type_name": "\u611f\u609f"}}, {"model": "read_statistics.readnum", "pk": 1, "fields": {"read_num": 73, "content_type": 7, "object_id": 37}}, {"model": "read_statistics.readnum", "pk": 3, "fields": {"read_num": 14, "content_type": 7, "object_id": 36}}, {"model": "read_statistics.readnum", "pk": 4, "fields": {"read_num": 9, "content_type": 7, "object_id": 35}}, {"model": "read_statistics.readnum", "pk": 5, "fields": {"read_num": 12, "content_type": 7, "object_id": 32}}, {"model": "read_statistics.readnum", "pk": 6, "fields": {"read_num": 7, "content_type": 7, "object_id": 33}}, {"model": "read_statistics.readnum", "pk": 7, "fields": {"read_num": 37, "content_type": 7, "object_id": 38}}, {"model": "read_statistics.readnum", "pk": 8, "fields": {"read_num": 3, "content_type": 7, "object_id": 24}}, {"model": "read_statistics.readnum", "pk": 9, "fields": {"read_num": 4, "content_type": 7, "object_id": 3}}, {"model": "read_statistics.readnum", "pk": 10, "fields": {"read_num": 3, "content_type": 7, "object_id": 34}}, {"model": "read_statistics.readnum", "pk": 11, "fields": {"read_num": 2, "content_type": 7, "object_id": 27}}, {"model": "read_statistics.readnum", "pk": 12, "fields": {"read_num": 4, "content_type": 7, "object_id": 28}}, {"model": "read_statistics.readnum", "pk": 13, "fields": {"read_num": 3, "content_type": 7, "object_id": 29}}, {"model": "read_statistics.readnum", "pk": 14, "fields": {"read_num": 3, "content_type": 7, "object_id": 30}}, {"model": "read_statistics.readnum", "pk": 15, "fields": {"read_num": 3, "content_type": 7, "object_id": 31}}, {"model": "read_statistics.readnum", "pk": 16, "fields": {"read_num": 4, "content_type": 7, "object_id": 26}}, {"model": "read_statistics.readnum", "pk": 17, "fields": {"read_num": 4, "content_type": 7, "object_id": 25}}, {"model": "read_statistics.readnum", "pk": 18, "fields": {"read_num": 4, "content_type": 7, "object_id": 23}}, {"model": "read_statistics.readnum", "pk": 19, "fields": {"read_num": 6, "content_type": 7, "object_id": 22}}, {"model": "read_statistics.readnum", "pk": 20, "fields": {"read_num": 3, "content_type": 7, "object_id": 4}}, {"model": "read_statistics.readnum", "pk": 21, "fields": {"read_num": 3, "content_type": 7, "object_id": 6}}, {"model": "read_statistics.readnum", "pk": 22, "fields": {"read_num": 1, "content_type": 7, "object_id": 17}}, {"model": "read_statistics.readnum", "pk": 23, "fields": {"read_num": 1, "content_type": 7, "object_id": 16}}, {"model": "read_statistics.readnum", "pk": 24, "fields": {"read_num": 1, "content_type": 7, "object_id": 15}}, {"model": "read_statistics.readnum", "pk": 25, "fields": {"read_num": 1, "content_type": 7, "object_id": 14}}, {"model": "read_statistics.readnum", "pk": 26, "fields": {"read_num": 1, "content_type": 7, "object_id": 13}}, {"model": "read_statistics.readnum", "pk": 27, "fields": {"read_num": 1, "content_type": 7, "object_id": 12}}, {"model": "read_statistics.readnum", "pk": 28, "fields": {"read_num": 1, "content_type": 7, "object_id": 11}}, {"model": "read_statistics.readnum", "pk": 29, "fields": {"read_num": 1, "content_type": 7, "object_id": 10}}, {"model": "read_statistics.readnum", "pk": 30, "fields": {"read_num": 1, "content_type": 7, "object_id": 9}}, {"model": "read_statistics.readnum", "pk": 31, "fields": {"read_num": 1, "content_type": 7, "object_id": 8}}, {"model": "read_statistics.readnum", "pk": 32, "fields": {"read_num": 3, "content_type": 7, "object_id": 7}}, {"model": "read_statistics.readnum", "pk": 33, "fields": {"read_num": 2, "content_type": 7, "object_id": 18}}, {"model": "read_statistics.readnum", "pk": 34, "fields": {"read_num": 2, "content_type": 7, "object_id": 19}}, {"model": "read_statistics.readnum", "pk": 35, "fields": {"read_num": 2, "content_type": 7, "object_id": 20}}, {"model": "read_statistics.readnum", "pk": 36, "fields": {"read_num": 2, "content_type": 7, "object_id": 21}}, {"model": "read_statistics.readnum", "pk": 37, "fields": {"read_num": 6, "content_type": 7, "object_id": 39}}, {"model": "read_statistics.readnum", "pk": 38, "fields": {"read_num": 27, "content_type": 7, "object_id": 40}}, {"model": "read_statistics.readdetail", "pk": 2, "fields": {"date": "2020-07-24", "read_num": 20, "content_type": 7, "object_id": 34}}, {"model": "read_statistics.readdetail", "pk": 3, "fields": {"date": "2020-07-24", "read_num": 9, "content_type": 7, "object_id": 38}}, {"model": "read_statistics.readdetail", "pk": 4, "fields": {"date": "2020-07-24", "read_num": 4, "content_type": 7, "object_id": 37}}, {"model": "read_statistics.readdetail", "pk": 5, "fields": {"date": "2020-07-24", "read_num": 3, "content_type": 7, "object_id": 32}}, {"model": "read_statistics.readdetail", "pk": 6, "fields": {"date": "2020-07-24", "read_num": 2, "content_type": 7, "object_id": 36}}, {"model": "read_statistics.readdetail", "pk": 7, "fields": {"date": "2020-07-25", "read_num": 3, "content_type": 7, "object_id": 38}}, {"model": "read_statistics.readdetail", "pk": 8, "fields": {"date": "2020-07-25", "read_num": 3, "content_type": 7, "object_id": 3}}, {"model": "read_statistics.readdetail", "pk": 9, "fields": {"date": "2020-07-23", "read_num": 5, "content_type": 7, "object_id": 27}}, {"model": "read_statistics.readdetail", "pk": 10, "fields": {"date": "2020-07-25", "read_num": 1, "content_type": 7, "object_id": 37}}, {"model": "read_statistics.readdetail", "pk": 11, "fields": {"date": "2020-07-25", "read_num": 1, "content_type": 7, "object_id": 36}}, {"model": "read_statistics.readdetail", "pk": 12, "fields": {"date": "2020-07-25", "read_num": 1, "content_type": 7, "object_id": 34}}, {"model": "read_statistics.readdetail", "pk": 13, "fields": {"date": "2020-07-26", "read_num": 2, "content_type": 7, "object_id": 38}}, {"model": "read_statistics.readdetail", "pk": 14, "fields": {"date": "2020-07-26", "read_num": 3, "content_type": 7, "object_id": 37}}, {"model": "read_statistics.readdetail", "pk": 15, "fields": {"date": "2020-07-26", "read_num": 2, "content_type": 7, "object_id": 36}}, {"model": "read_statistics.readdetail", "pk": 16, "fields": {"date": "2020-07-26", "read_num": 2, "content_type": 7, "object_id": 35}}, {"model": "read_statistics.readdetail", "pk": 17, "fields": {"date": "2020-07-26", "read_num": 1, "content_type": 7, "object_id": 27}}, {"model": "read_statistics.readdetail", "pk": 18, "fields": {"date": "2020-07-26", "read_num": 2, "content_type": 7, "object_id": 28}}, {"model": "read_statistics.readdetail", "pk": 19, "fields": {"date": "2020-07-26", "read_num": 1, "content_type": 7, "object_id": 29}}, {"model": "read_statistics.readdetail", "pk": 20, "fields": {"date": "2020-07-26", "read_num": 1, "content_type": 7, "object_id": 30}}, {"model": "read_statistics.readdetail", "pk": 21, "fields": {"date": "2020-07-26", "read_num": 1, "content_type": 7, "object_id": 31}}, {"model": "read_statistics.readdetail", "pk": 22, "fields": {"date": "2020-07-26", "read_num": 1, "content_type": 7, "object_id": 32}}, {"model": "read_statistics.readdetail", "pk": 23, "fields": {"date": "2020-07-26", "read_num": 1, "content_type": 7, "object_id": 33}}, {"model": "read_statistics.readdetail", "pk": 24, "fields": {"date": "2020-07-26", "read_num": 1, "content_type": 7, "object_id": 34}}, {"model": "read_statistics.readdetail", "pk": 25, "fields": {"date": "2020-07-26", "read_num": 2, "content_type": 7, "object_id": 26}}, {"model": "read_statistics.readdetail", "pk": 26, "fields": {"date": "2020-07-26", "read_num": 1, "content_type": 7, "object_id": 25}}, {"model": "read_statistics.readdetail", "pk": 27, "fields": {"date": "2020-07-26", "read_num": 1, "content_type": 7, "object_id": 24}}, {"model": "read_statistics.readdetail", "pk": 28, "fields": {"date": "2020-07-26", "read_num": 1, "content_type": 7, "object_id": 23}}, {"model": "read_statistics.readdetail", "pk": 29, "fields": {"date": "2020-07-26", "read_num": 1, "content_type": 7, "object_id": 22}}, {"model": "read_statistics.readdetail", "pk": 30, "fields": {"date": "2020-07-26", "read_num": 1, "content_type": 7, "object_id": 3}}, {"model": "read_statistics.readdetail", "pk": 31, "fields": {"date": "2020-07-26", "read_num": 1, "content_type": 7, "object_id": 4}}, {"model": "read_statistics.readdetail", "pk": 32, "fields": {"date": "2020-07-27", "read_num": 3, "content_type": 7, "object_id": 6}}, {"model": "read_statistics.readdetail", "pk": 33, "fields": {"date": "2020-07-27", "read_num": 2, "content_type": 7, "object_id": 35}}, {"model": "read_statistics.readdetail", "pk": 34, "fields": {"date": "2020-07-27", "read_num": 2, "content_type": 7, "object_id": 32}}, {"model": "read_statistics.readdetail", "pk": 35, "fields": {"date": "2020-07-27", "read_num": 1, "content_type": 7, "object_id": 33}}, {"model": "read_statistics.readdetail", "pk": 36, "fields": {"date": "2020-07-27", "read_num": 2, "content_type": 7, "object_id": 38}}, {"model": "read_statistics.readdetail", "pk": 37, "fields": {"date": "2020-07-27", "read_num": 1, "content_type": 7, "object_id": 37}}, {"model": "read_statistics.readdetail", "pk": 38, "fields": {"date": "2020-07-27", "read_num": 2, "content_type": 7, "object_id": 31}}, {"model": "read_statistics.readdetail", "pk": 39, "fields": {"date": "2020-07-27", "read_num": 1, "content_type": 7, "object_id": 26}}, {"model": "read_statistics.readdetail", "pk": 40, "fields": {"date": "2020-07-27", "read_num": 1, "content_type": 7, "object_id": 17}}, {"model": "read_statistics.readdetail", "pk": 41, "fields": {"date": "2020-07-28", "read_num": 1, "content_type": 7, "object_id": 34}}, {"model": "read_statistics.readdetail", "pk": 42, "fields": {"date": "2020-07-28", "read_num": 1, "content_type": 7, "object_id": 35}}, {"model": "read_statistics.readdetail", "pk": 43, "fields": {"date": "2020-07-28", "read_num": 2, "content_type": 7, "object_id": 36}}, {"model": "read_statistics.readdetail", "pk": 44, "fields": {"date": "2020-07-28", "read_num": 1, "content_type": 7, "object_id": 33}}, {"model": "read_statistics.readdetail", "pk": 45, "fields": {"date": "2020-07-28", "read_num": 1, "content_type": 7, "object_id": 38}}, {"model": "read_statistics.readdetail", "pk": 46, "fields": {"date": "2020-07-29", "read_num": 1, "content_type": 7, "object_id": 16}}, {"model": "read_statistics.readdetail", "pk": 47, "fields": {"date": "2020-07-29", "read_num": 1, "content_type": 7, "object_id": 15}}, {"model": "read_statistics.readdetail", "pk": 48, "fields": {"date": "2020-07-29", "read_num": 1, "content_type": 7, "object_id": 14}}, {"model": "read_statistics.readdetail", "pk": 49, "fields": {"date": "2020-07-29", "read_num": 1, "content_type": 7, "object_id": 13}}, {"model": "read_statistics.readdetail", "pk": 50, "fields": {"date": "2020-07-29", "read_num": 1, "content_type": 7, "object_id": 12}}, {"model": "read_statistics.readdetail", "pk": 51, "fields": {"date": "2020-07-29", "read_num": 1, "content_type": 7, "object_id": 11}}, {"model": "read_statistics.readdetail", "pk": 52, "fields": {"date": "2020-07-29", "read_num": 1, "content_type": 7, "object_id": 10}}, {"model": "read_statistics.readdetail", "pk": 53, "fields": {"date": "2020-07-29", "read_num": 1, "content_type": 7, "object_id": 9}}, {"model": "read_statistics.readdetail", "pk": 54, "fields": {"date": "2020-07-29", "read_num": 1, "content_type": 7, "object_id": 8}}, {"model": "read_statistics.readdetail", "pk": 55, "fields": {"date": "2020-07-29", "read_num": 1, "content_type": 7, "object_id": 7}}, {"model": "read_statistics.readdetail", "pk": 56, "fields": {"date": "2020-07-29", "read_num": 2, "content_type": 7, "object_id": 18}}, {"model": "read_statistics.readdetail", "pk": 57, "fields": {"date": "2020-07-29", "read_num": 2, "content_type": 7, "object_id": 19}}, {"model": "read_statistics.readdetail", "pk": 58, "fields": {"date": "2020-07-29", "read_num": 2, "content_type": 7, "object_id": 20}}, {"model": "read_statistics.readdetail", "pk": 59, "fields": {"date": "2020-07-29", "read_num": 2, "content_type": 7, "object_id": 21}}, {"model": "read_statistics.readdetail", "pk": 60, "fields": {"date": "2020-07-29", "read_num": 5, "content_type": 7, "object_id": 22}}, {"model": "read_statistics.readdetail", "pk": 61, "fields": {"date": "2020-07-29", "read_num": 2, "content_type": 7, "object_id": 23}}, {"model": "read_statistics.readdetail", "pk": 62, "fields": {"date": "2020-07-29", "read_num": 1, "content_type": 7, "object_id": 24}}, {"model": "read_statistics.readdetail", "pk": 63, "fields": {"date": "2020-07-29", "read_num": 3, "content_type": 7, "object_id": 25}}, {"model": "read_statistics.readdetail", "pk": 64, "fields": {"date": "2020-07-29", "read_num": 1, "content_type": 7, "object_id": 26}}, {"model": "read_statistics.readdetail", "pk": 65, "fields": {"date": "2020-07-29", "read_num": 1, "content_type": 7, "object_id": 27}}, {"model": "read_statistics.readdetail", "pk": 66, "fields": {"date": "2020-07-29", "read_num": 2, "content_type": 7, "object_id": 28}}, {"model": "read_statistics.readdetail", "pk": 67, "fields": {"date": "2020-07-29", "read_num": 2, "content_type": 7, "object_id": 29}}, {"model": "read_statistics.readdetail", "pk": 68, "fields": {"date": "2020-07-29", "read_num": 2, "content_type": 7, "object_id": 30}}, {"model": "read_statistics.readdetail", "pk": 69, "fields": {"date": "2020-07-29", "read_num": 1, "content_type": 7, "object_id": 32}}, {"model": "read_statistics.readdetail", "pk": 70, "fields": {"date": "2020-07-29", "read_num": 3, "content_type": 7, "object_id": 36}}, {"model": "read_statistics.readdetail", "pk": 71, "fields": {"date": "2020-07-29", "read_num": 5, "content_type": 7, "object_id": 38}}, {"model": "read_statistics.readdetail", "pk": 72, "fields": {"date": "2020-07-29", "read_num": 1, "content_type": 7, "object_id": 33}}, {"model": "read_statistics.readdetail", "pk": 73, "fields": {"date": "2020-07-30", "read_num": 10, "content_type": 7, "object_id": 38}}, {"model": "read_statistics.readdetail", "pk": 74, "fields": {"date": "2020-07-30", "read_num": 3, "content_type": 7, "object_id": 32}}, {"model": "read_statistics.readdetail", "pk": 75, "fields": {"date": "2020-07-30", "read_num": 2, "content_type": 7, "object_id": 35}}, {"model": "read_statistics.readdetail", "pk": 76, "fields": {"date": "2020-07-30", "read_num": 2, "content_type": 7, "object_id": 4}}, {"model": "read_statistics.readdetail", "pk": 77, "fields": {"date": "2020-07-30", "read_num": 5, "content_type": 7, "object_id": 37}}, {"model": "read_statistics.readdetail", "pk": 78, "fields": {"date": "2020-07-30", "read_num": 1, "content_type": 7, "object_id": 23}}, {"model": "read_statistics.readdetail", "pk": 79, "fields": {"date": "2020-07-30", "read_num": 2, "content_type": 7, "object_id": 7}}, {"model": "read_statistics.readdetail", "pk": 80, "fields": {"date": "2020-07-31", "read_num": 3, "content_type": 7, "object_id": 37}}, {"model": "read_statistics.readdetail", "pk": 81, "fields": {"date": "2020-07-31", "read_num": 1, "content_type": 7, "object_id": 38}}, {"model": "read_statistics.readdetail", "pk": 82, "fields": {"date": "2020-07-31", "read_num": 1, "content_type": 7, "object_id": 36}}, {"model": "read_statistics.readdetail", "pk": 83, "fields": {"date": "2020-08-01", "read_num": 1, "content_type": 7, "object_id": 36}}, {"model": "read_statistics.readdetail", "pk": 84, "fields": {"date": "2020-08-01", "read_num": 1, "content_type": 7, "object_id": 33}}, {"model": "read_statistics.readdetail", "pk": 85, "fields": {"date": "2020-08-01", "read_num": 2, "content_type": 7, "object_id": 39}}, {"model": "read_statistics.readdetail", "pk": 86, "fields": {"date": "2020-08-02", "read_num": 15, "content_type": 7, "object_id": 40}}, {"model": "read_statistics.readdetail", "pk": 87, "fields": {"date": "2020-08-03", "read_num": 1, "content_type": 7, "object_id": 40}}, {"model": "read_statistics.readdetail", "pk": 88, "fields": {"date": "2020-08-03", "read_num": 1, "content_type": 7, "object_id": 39}}, {"model": "read_statistics.readdetail", "pk": 89, "fields": {"date": "2020-08-03", "read_num": 1, "content_type": 7, "object_id": 38}}, {"model": "read_statistics.readdetail", "pk": 90, "fields": {"date": "2020-08-04", "read_num": 2, "content_type": 7, "object_id": 40}}, {"model": "read_statistics.readdetail", "pk": 91, "fields": {"date": "2020-08-04", "read_num": 1, "content_type": 7, "object_id": 37}}, {"model": "read_statistics.readdetail", "pk": 92, "fields": {"date": "2020-08-04", "read_num": 2, "content_type": 7, "object_id": 39}}, {"model": "read_statistics.readdetail", "pk": 93, "fields": {"date": "2020-08-04", "read_num": 2, "content_type": 7, "object_id": 38}}, {"model": "read_statistics.readdetail", "pk": 94, "fields": {"date": "2020-08-05", "read_num": 4, "content_type": 7, "object_id": 40}}, {"model": "read_statistics.readdetail", "pk": 95, "fields": {"date": "2020-08-05", "read_num": 1, "content_type": 7, "object_id": 39}}, {"model": "read_statistics.readdetail", "pk": 96, "fields": {"date": "2020-08-07", "read_num": 2, "content_type": 7, "object_id": 40}}, {"model": "read_statistics.readdetail", "pk": 97, "fields": {"date": "2020-08-08", "read_num": 3, "content_type": 7, "object_id": 40}}, {"model": "likes.likecount", "pk": 1, "fields": {"content_type": 7, "object_id": 38, "liked_num": 2}}, {"model": "likes.likecount", "pk": 2, "fields": {"content_type": 7, "object_id": 37, "liked_num": 1}}, {"model": "likes.likecount", "pk": 3, "fields": {"content_type": 7, "object_id": 36, "liked_num": 1}}, {"model": "likes.likecount", "pk": 4, "fields": {"content_type": 7, "object_id": 33, "liked_num": 2}}, {"model": "likes.likecount", "pk": 5, "fields": {"content_type": 7, "object_id": 35, "liked_num": 0}}, {"model": "likes.likecount", "pk": 6, "fields": {"content_type": 7, "object_id": 34, "liked_num": 0}}, {"model": "likes.likecount", "pk": 7, "fields": {"content_type": 7, "object_id": 32, "liked_num": 0}}, {"model": "likes.likecount", "pk": 8, "fields": {"content_type": 7, "object_id": 31, "liked_num": 0}}, {"model": "likes.likecount", "pk": 9, "fields": {"content_type": 7, "object_id": 30, "liked_num": 0}}, {"model": "likes.likecount", "pk": 10, "fields": {"content_type": 7, "object_id": 29, "liked_num": 0}}, {"model": "likes.likecount", "pk": 11, "fields": {"content_type": 7, "object_id": 28, "liked_num": 0}}, {"model": "likes.likecount", "pk": 12, "fields": {"content_type": 7, "object_id": 27, "liked_num": 0}}, {"model": "likes.likecount", "pk": 13, "fields": {"content_type": 7, "object_id": 26, "liked_num": 0}}, {"model": "likes.likecount", "pk": 14, "fields": {"content_type": 7, "object_id": 25, "liked_num": 0}}, {"model": "likes.likecount", "pk": 15, "fields": {"content_type": 7, "object_id": 39, "liked_num": 1}}, {"model": "likes.likecount", "pk": 16, "fields": {"content_type": 12, "object_id": 111, "liked_num": 0}}, {"model": "likes.likecount", "pk": 17, "fields": {"content_type": 12, "object_id": 112, "liked_num": 0}}, {"model": "likes.likecount", "pk": 18, "fields": {"content_type": 12, "object_id": 113, "liked_num": 0}}, {"model": "likes.likecount", "pk": 19, "fields": {"content_type": 7, "object_id": 40, "liked_num": 1}}, {"model": "likes.likecount", "pk": 20, "fields": {"content_type": 12, "object_id": 114, "liked_num": 1}}, {"model": "likes.likecount", "pk": 21, "fields": {"content_type": 12, "object_id": 115, "liked_num": 0}}, {"model": "likes.likecount", "pk": 22, "fields": {"content_type": 12, "object_id": 116, "liked_num": 1}}, {"model": "likes.likecount", "pk": 23, "fields": {"content_type": 12, "object_id": 117, "liked_num": 0}}, {"model": "likes.likecount", "pk": 24, "fields": {"content_type": 12, "object_id": 119, "liked_num": 1}}, {"model": "likes.likecount", "pk": 25, "fields": {"content_type": 12, "object_id": 118, "liked_num": 0}}, {"model": "likes.likecount", "pk": 26, "fields": {"content_type": 12, "object_id": 120, "liked_num": 1}}, {"model": "likes.likecount", "pk": 27, "fields": {"content_type": 12, "object_id": 110, "liked_num": 1}}, {"model": "likes.likecount", "pk": 28, "fields": {"content_type": 12, "object_id": 109, "liked_num": 0}}, {"model": "likes.likecount", "pk": 29, "fields": {"content_type": 12, "object_id": 108, "liked_num": 0}}, {"model": "likes.likecount", "pk": 30, "fields": {"content_type": 12, "object_id": 107, "liked_num": 0}}, {"model": "likes.likecount", "pk": 31, "fields": {"content_type": 12, "object_id": 106, "liked_num": 0}}, {"model": "likes.likecount", "pk": 32, "fields": {"content_type": 12, "object_id": 105, "liked_num": 0}}, {"model": "likes.likecount", "pk": 33, "fields": {"content_type": 12, "object_id": 104, "liked_num": 0}}, {"model": "likes.likecount", "pk": 34, "fields": {"content_type": 12, "object_id": 63, "liked_num": 0}}, {"model": "likes.likecount", "pk": 35, "fields": {"content_type": 12, "object_id": 68, "liked_num": 0}}, {"model": "likes.likecount", "pk": 36, "fields": {"content_type": 12, "object_id": 62, "liked_num": 0}}, {"model": "likes.likecount", "pk": 37, "fields": {"content_type": 12, "object_id": 61, "liked_num": 0}}, {"model": "likes.likecount", "pk": 38, "fields": {"content_type": 12, "object_id": 60, "liked_num": 0}}, {"model": "likes.likecount", "pk": 39, "fields": {"content_type": 12, "object_id": 59, "liked_num": 0}}, {"model": "likes.likecount", "pk": 40, "fields": {"content_type": 12, "object_id": 58, "liked_num": 0}}, {"model": "likes.likecount", "pk": 41, "fields": {"content_type": 12, "object_id": 57, "liked_num": 0}}, {"model": "likes.likecount", "pk": 42, "fields": {"content_type": 12, "object_id": 103, "liked_num": 0}}, {"model": "likes.likecount", "pk": 43, "fields": {"content_type": 12, "object_id": 56, "liked_num": 0}}, {"model": "likes.likecount", "pk": 44, "fields": {"content_type": 12, "object_id": 48, "liked_num": 0}}, {"model": "likes.likecount", "pk": 45, "fields": {"content_type": 12, "object_id": 47, "liked_num": 0}}, {"model": "likes.likecount", "pk": 46, "fields": {"content_type": 12, "object_id": 46, "liked_num": 0}}, {"model": "likes.likecount", "pk": 47, "fields": {"content_type": 12, "object_id": 45, "liked_num": 0}}, {"model": "likes.likecount", "pk": 48, "fields": {"content_type": 12, "object_id": 44, "liked_num": 0}}, {"model": "likes.likecount", "pk": 49, "fields": {"content_type": 12, "object_id": 41, "liked_num": 0}}, {"model": "likes.likecount", "pk": 50, "fields": {"content_type": 12, "object_id": 40, "liked_num": 0}}, {"model": "likes.likecount", "pk": 51, "fields": {"content_type": 12, "object_id": 39, "liked_num": 0}}, {"model": "likes.likecount", "pk": 52, "fields": {"content_type": 12, "object_id": 38, "liked_num": 0}}, {"model": "likes.likecount", "pk": 53, "fields": {"content_type": 12, "object_id": 37, "liked_num": 0}}, {"model": "likes.likecount", "pk": 54, "fields": {"content_type": 12, "object_id": 36, "liked_num": 0}}, {"model": "likes.likecount", "pk": 55, "fields": {"content_type": 12, "object_id": 35, "liked_num": 0}}, {"model": "likes.likecount", "pk": 56, "fields": {"content_type": 12, "object_id": 34, "liked_num": 0}}, {"model": "likes.likecount", "pk": 57, "fields": {"content_type": 12, "object_id": 33, "liked_num": 0}}, {"model": "likes.likecount", "pk": 58, "fields": {"content_type": 12, "object_id": 32, "liked_num": 0}}, {"model": "likes.likecount", "pk": 59, "fields": {"content_type": 12, "object_id": 31, "liked_num": 0}}, {"model": "likes.likecount", "pk": 60, "fields": {"content_type": 12, "object_id": 30, "liked_num": 0}}, {"model": "likes.likecount", "pk": 61, "fields": {"content_type": 12, "object_id": 29, "liked_num": 0}}, {"model": "likes.likecount", "pk": 62, "fields": {"content_type": 12, "object_id": 28, "liked_num": 0}}, {"model": "likes.likecount", "pk": 63, "fields": {"content_type": 12, "object_id": 27, "liked_num": 0}}, {"model": "likes.likecount", "pk": 64, "fields": {"content_type": 12, "object_id": 26, "liked_num": 0}}, {"model": "likes.likecount", "pk": 65, "fields": {"content_type": 12, "object_id": 25, "liked_num": 0}}, {"model": "likes.likecount", "pk": 66, "fields": {"content_type": 12, "object_id": 24, "liked_num": 0}}, {"model": "likes.likecount", "pk": 67, "fields": {"content_type": 12, "object_id": 23, "liked_num": 0}}, {"model": "likes.likecount", "pk": 68, "fields": {"content_type": 12, "object_id": 22, "liked_num": 0}}, {"model": "likes.likecount", "pk": 69, "fields": {"content_type": 12, "object_id": 21, "liked_num": 0}}, {"model": "likes.likecount", "pk": 70, "fields": {"content_type": 12, "object_id": 20, "liked_num": 0}}, {"model": "likes.likecount", "pk": 71, "fields": {"content_type": 12, "object_id": 19, "liked_num": 0}}, {"model": "likes.likecount", "pk": 72, "fields": {"content_type": 12, "object_id": 18, "liked_num": 0}}, {"model": "likes.likecount", "pk": 73, "fields": {"content_type": 12, "object_id": 16, "liked_num": 0}}, {"model": "likes.likecount", "pk": 74, "fields": {"content_type": 12, "object_id": 55, "liked_num": 0}}, {"model": "likes.likecount", "pk": 75, "fields": {"content_type": 12, "object_id": 54, "liked_num": 0}}, {"model": "likes.likecount", "pk": 76, "fields": {"content_type": 12, "object_id": 53, "liked_num": 0}}, {"model": "likes.likecount", "pk": 77, "fields": {"content_type": 12, "object_id": 52, "liked_num": 0}}, {"model": "likes.likecount", "pk": 78, "fields": {"content_type": 12, "object_id": 51, "liked_num": 0}}, {"model": "likes.likecount", "pk": 79, "fields": {"content_type": 12, "object_id": 50, "liked_num": 0}}, {"model": "likes.likecount", "pk": 80, "fields": {"content_type": 12, "object_id": 49, "liked_num": 0}}, {"model": "likes.likecount", "pk": 81, "fields": {"content_type": 12, "object_id": 43, "liked_num": 0}}, {"model": "likes.likecount", "pk": 82, "fields": {"content_type": 12, "object_id": 42, "liked_num": 0}}, {"model": "likes.likecount", "pk": 83, "fields": {"content_type": 12, "object_id": 17, "liked_num": 0}}, {"model": "likes.likecount", "pk": 84, "fields": {"content_type": 12, "object_id": 121, "liked_num": 1}}, {"model": "likes.likecount", "pk": 85, "fields": {"content_type": 12, "object_id": 122, "liked_num": 0}}, {"model": "likes.likecount", "pk": 86, "fields": {"content_type": 12, "object_id": 123, "liked_num": 0}}, {"model": "likes.likecount", "pk": 87, "fields": {"content_type": 12, "object_id": 124, "liked_num": 0}}, {"model": "likes.likecount", "pk": 88, "fields": {"content_type": 12, "object_id": 125, "liked_num": 0}}, {"model": "likes.likecount", "pk": 89, "fields": {"content_type": 12, "object_id": 126, "liked_num": 0}}, {"model": "likes.likecount", "pk": 90, "fields": {"content_type": 12, "object_id": 127, "liked_num": 0}}, {"model": "likes.likecount", "pk": 91, "fields": {"content_type": 12, "object_id": 128, "liked_num": 0}}, {"model": "likes.likecount", "pk": 92, "fields": {"content_type": 12, "object_id": 129, "liked_num": 0}}, {"model": "likes.likecount", "pk": 93, "fields": {"content_type": 12, "object_id": 130, "liked_num": 0}}, {"model": "likes.likecount", "pk": 94, "fields": {"content_type": 12, "object_id": 132, "liked_num": 0}}, {"model": "likes.likecount", "pk": 95, "fields": {"content_type": 12, "object_id": 131, "liked_num": 0}}, {"model": "likes.likecount", "pk": 96, "fields": {"content_type": 12, "object_id": 133, "liked_num": 0}}, {"model": "likes.likecount", "pk": 97, "fields": {"content_type": 12, "object_id": 134, "liked_num": 0}}, {"model": "likes.likecount", "pk": 98, "fields": {"content_type": 12, "object_id": 135, "liked_num": 0}}, {"model": "likes.likecount", "pk": 99, "fields": {"content_type": 12, "object_id": 137, "liked_num": 0}}, {"model": "likes.likecount", "pk": 100, "fields": {"content_type": 12, "object_id": 136, "liked_num": 0}}, {"model": "likes.likecount", "pk": 101, "fields": {"content_type": 12, "object_id": 138, "liked_num": 1}}, {"model": "auth.permission", "pk": 1, "fields": {"name": "Can add log entry", "content_type": 1, "codename": "add_logentry"}}, {"model": "auth.permission", "pk": 2, "fields": {"name": "Can change log entry", "content_type": 1, "codename": "change_logentry"}}, {"model": "auth.permission", "pk": 3, "fields": {"name": "Can delete log entry", "content_type": 1, "codename": "delete_logentry"}}, {"model": "auth.permission", "pk": 4, "fields": {"name": "Can add permission", "content_type": 2, "codename": "add_permission"}}, {"model": "auth.permission", "pk": 5, "fields": {"name": "Can change permission", "content_type": 2, "codename": "change_permission"}}, {"model": "auth.permission", "pk": 6, "fields": {"name": "Can delete permission", "content_type": 2, "codename": "delete_permission"}}, {"model": "auth.permission", "pk": 7, "fields": {"name": "Can add group", "content_type": 3, "codename": "add_group"}}, {"model": "auth.permission", "pk": 8, "fields": {"name": "Can change group", "content_type": 3, "codename": "change_group"}}, {"model": "auth.permission", "pk": 9, "fields": {"name": "Can delete group", "content_type": 3, "codename": "delete_group"}}, {"model": "auth.permission", "pk": 10, "fields": {"name": "Can add user", "content_type": 4, "codename": "add_user"}}, {"model": "auth.permission", "pk": 11, "fields": {"name": "Can change user", "content_type": 4, "codename": "change_user"}}, {"model": "auth.permission", "pk": 12, "fields": {"name": "Can delete user", "content_type": 4, "codename": "delete_user"}}, {"model": "auth.permission", "pk": 13, "fields": {"name": "Can add content type", "content_type": 5, "codename": "add_contenttype"}}, {"model": "auth.permission", "pk": 14, "fields": {"name": "Can change content type", "content_type": 5, "codename": "change_contenttype"}}, {"model": "auth.permission", "pk": 15, "fields": {"name": "Can delete content type", "content_type": 5, "codename": "delete_contenttype"}}, {"model": "auth.permission", "pk": 16, "fields": {"name": "Can add session", "content_type": 6, "codename": "add_session"}}, {"model": "auth.permission", "pk": 17, "fields": {"name": "Can change session", "content_type": 6, "codename": "change_session"}}, {"model": "auth.permission", "pk": 18, "fields": {"name": "Can delete session", "content_type": 6, "codename": "delete_session"}}, {"model": "auth.permission", "pk": 19, "fields": {"name": "Can add blog", "content_type": 7, "codename": "add_blog"}}, {"model": "auth.permission", "pk": 20, "fields": {"name": "Can change blog", "content_type": 7, "codename": "change_blog"}}, {"model": "auth.permission", "pk": 21, "fields": {"name": "Can delete blog", "content_type": 7, "codename": "delete_blog"}}, {"model": "auth.permission", "pk": 22, "fields": {"name": "Can add blog type", "content_type": 8, "codename": "add_blogtype"}}, {"model": "auth.permission", "pk": 23, "fields": {"name": "Can change blog type", "content_type": 8, "codename": "change_blogtype"}}, {"model": "auth.permission", "pk": 24, "fields": {"name": "Can delete blog type", "content_type": 8, "codename": "delete_blogtype"}}, {"model": "auth.permission", "pk": 25, "fields": {"name": "Can add read num", "content_type": 9, "codename": "add_readnum"}}, {"model": "auth.permission", "pk": 26, "fields": {"name": "Can change read num", "content_type": 9, "codename": "change_readnum"}}, {"model": "auth.permission", "pk": 27, "fields": {"name": "Can delete read num", "content_type": 9, "codename": "delete_readnum"}}, {"model": "auth.permission", "pk": 28, "fields": {"name": "Can add read num", "content_type": 10, "codename": "add_readnum"}}, {"model": "auth.permission", "pk": 29, "fields": {"name": "Can change read num", "content_type": 10, "codename": "change_readnum"}}, {"model": "auth.permission", "pk": 30, "fields": {"name": "Can delete read num", "content_type": 10, "codename": "delete_readnum"}}, {"model": "auth.permission", "pk": 31, "fields": {"name": "Can add read detail", "content_type": 11, "codename": "add_readdetail"}}, {"model": "auth.permission", "pk": 32, "fields": {"name": "Can change read detail", "content_type": 11, "codename": "change_readdetail"}}, {"model": "auth.permission", "pk": 33, "fields": {"name": "Can delete read detail", "content_type": 11, "codename": "delete_readdetail"}}, {"model": "auth.permission", "pk": 34, "fields": {"name": "Can add comment", "content_type": 12, "codename": "add_comment"}}, {"model": "auth.permission", "pk": 35, "fields": {"name": "Can change comment", "content_type": 12, "codename": "change_comment"}}, {"model": "auth.permission", "pk": 36, "fields": {"name": "Can delete comment", "content_type": 12, "codename": "delete_comment"}}, {"model": "auth.permission", "pk": 37, "fields": {"name": "Can add like count", "content_type": 13, "codename": "add_likecount"}}, {"model": "auth.permission", "pk": 38, "fields": {"name": "Can change like count", "content_type": 13, "codename": "change_likecount"}}, {"model": "auth.permission", "pk": 39, "fields": {"name": "Can delete like count", "content_type": 13, "codename": "delete_likecount"}}, {"model": "auth.permission", "pk": 40, "fields": {"name": "Can add like record", "content_type": 14, "codename": "add_likerecord"}}, {"model": "auth.permission", "pk": 41, "fields": {"name": "Can change like record", "content_type": 14, "codename": "change_likerecord"}}, {"model": "auth.permission", "pk": 42, "fields": {"name": "Can delete like record", "content_type": 14, "codename": "delete_likerecord"}}, {"model": "auth.permission", "pk": 43, "fields": {"name": "Can add profile", "content_type": 15, "codename": "add_profile"}}, {"model": "auth.permission", "pk": 44, "fields": {"name": "Can change profile", "content_type": 15, "codename": "change_profile"}}, {"model": "auth.permission", "pk": 45, "fields": {"name": "Can delete profile", "content_type": 15, "codename": "delete_profile"}}, {"model": "auth.user", "pk": 1, "fields": {"password": "pbkdf2_sha256$100000$jPy5rMw03ABA$YeYd69sm+BzXFz0xwnRsB/7MZvHpRAXW3hD8I3934po=", "last_login": "2020-08-08T11:45:00", "is_superuser": true, "username": "admin", "first_name": "", "last_name": "", "email": "1531947807@qq.com", "is_staff": true, "is_active": true, "date_joined": "2020-07-05T15:33:00", "groups": [], "user_permissions": []}}, {"model": "auth.user", "pk": 2, "fields": {"password": "pbkdf2_sha256$100000$kEz7SdS6AJkH$YGk8UFdk0z/LJfZSG21fz8kyZQY53kTrfUveKybm1Fc=", "last_login": "2020-08-05T08:36:00", "is_superuser": false, "username": "first_num", "first_name": "", "last_name": "", "email": "1531947807@164.com", "is_staff": true, "is_active": true, "date_joined": "2020-07-28T16:08:00", "groups": [], "user_permissions": [2, 19, 22, 23, 24, 35, 36, 13, 14, 15]}}, {"model": "auth.user", "pk": 11, "fields": {"password": "pbkdf2_sha256$100000$OQyPLZDrLA63$SNHLL6klhEsL8W6iwLeT7d6IKrhSiYYuTDD5FvpuqF4=", "last_login": "2020-08-08T10:55:00", "is_superuser": false, "username": "admin_2", "first_name": "", "last_name": "", "email": "1531947807@q.com", "is_staff": false, "is_active": true, "date_joined": "2020-08-07T18:48:00", "groups": [], "user_permissions": []}}, {"model": "blog.blog", "pk": 3, "fields": {"title": "\u7b2c\u4e00\u7bc7\u535a\u5ba2", "blog_type": 2, "content": "\u6211\u6765\u6d4b\u8bd5\u4e86", "author": 1, "created_time": "2020-07-06T03:09:06.295", "last_updated_time": "2020-07-06T03:09:06.295"}}, {"model": "blog.blog", "pk": 4, "fields": {"title": "\u7b2c\u4e8c\u7bc7\u535a\u5ba2", "blog_type": 2, "content": "\u6211\u53c8\u6765\u6d4b\u8bd5\u4e86\u54c8\u54c8\u54c8\u54c8\u54c8\u54c8\u54c8\u54c8\u54c8\u54c8\u54c8\u54c8\u54c8\u54c8\u54c8\u5927\u5927\u5927\u5927\u82cf\u6253\u554a\u662f\u5927\u6849\u6811  \u6211\u53c8\u6765\u6d4b\u8bd5\u4e86\u54c8\u54c8\u54c8\u54c8\u54c8\u54c8\u54c8\u54c8\u54c8\u54c8\u54c8\u54c8\u54c8\u54c8\u54c8\u5927\u5927\u5927\u5927\u82cf\u6253\u554a\u662f\u5927\u6849\u6811  \u6211\u53c8\u6765\u6d4b\u8bd5\u4e86\u54c8\u54c8\u54c8\u54c8\u54c8\u54c8\u54c8\u54c8\u54c8\u54c8\u54c8\u54c8\u54c8\u54c8\u54c8\u5927\u5927\u5927\u5927\u82cf\u6253\u554a\u662f\u5927\u6849\u6811  \u6211\u53c8\u6765\u6d4b\u8bd5\u4e86\u54c8\u54c8\u54c8\u54c8\u54c8\u54c8\u54c8\u54c8\u54c8\u54c8\u54c8\u54c8\u54c8\u54c8\u54c8\u5927\u5927\u5927\u5927\u82cf\u6253\u554a\u662f\u5927\u6849\u6811  \u6211\u53c8\u6765\u6d4b\u8bd5\u4e86\u54c8\u54c8\u54c8\u54c8\u54c8\u54c8\u54c8\u54c8\u54c8\u54c8\u54c8\u54c8\u54c8\u54c8\u54c8\u5927\u5927\u5927\u5927\u82cf\u6253\u554a\u662f\u5927\u6849\u6811  \u6211\u53c8\u6765\u6d4b\u8bd5\u4e86\u54c8\u54c8\u54c8\u54c8\u54c8\u54c8\u54c8\u54c8\u54c8\u54c8\u54c8\u54c8\u54c8\u54c8\u54c8\u5927\u5927\u5927\u5927\u82cf\u6253\u554a\u662f\u5927\u6849\u6811  \u6211\u53c8\u6765\u6d4b\u8bd5\u4e86\u54c8\u54c8\u54c8\u54c8\u54c8\u54c8\u54c8\u54c8\u54c8\u54c8\u54c8\u54c8\u54c8\u54c8\u54c8\u5927\u5927\u5927\u5927\u82cf\u6253\u554a\u662f\u5927\u6849\u6811  \u6211\u53c8\u6765\u6d4b\u8bd5\u4e86\u54c8\u54c8\u54c8\u54c8\u54c8\u54c8\u54c8\u54c8\u54c8\u54c8\u54c8\u54c8\u54c8\u54c8\u54c8\u5927\u5927\u5927\u5927\u82cf\u6253\u554a\u662f\u5927\u6849\u6811  \u6211\u53c8\u6765\u6d4b\u8bd5\u4e86\u54c8\u54c8\u54c8\u54c8\u54c8\u54c8\u54c8\u54c8\u54c8\u54c8\u54c8\u54c8\u54c8\u54c8\u54c8\u5927\u5927\u5927\u5927\u82cf\u6253\u554a\u662f\u5927\u6849\u6811", "author": 1, "created_time": "2020-07-06T03:12:06.559", "last_updated_time": "2020-07-06T03:12:33.367"}}, {"model": "blog.blog", "pk": 6, "fields": {"title": "django\u7b2c\u4e00\u7bc7", "blog_type": 1, "content": "xxxxxxxxxxxxxxxxxxx", "author": 1, "created_time": "2020-07-08T04:00:09.710", "last_updated_time": "2020-07-08T04:00:09.710"}}, {"model": "blog.blog", "pk": 7, "fields": {"title": "shell\u4e0b\u7b2c\u4e8c\u7bc7", "blog_type": 2, "content": "xxxxxxxx", "author": 1, "created_time": "2020-07-11T14:42:00.084", "last_updated_time": "2020-07-11T14:42:00.084"}}, {"model": "blog.blog", "pk": 8, "fields": {"title": "\u7b2c-1-\u7bc7\u6587\u7ae0", "blog_type": 1, "content": "xxxxxxxx1xxxxxxxxxxxxxxx", "author": 1, "created_time": "2020-07-11T15:16:26.238", "last_updated_time": "2020-07-11T15:16:26.238"}}, {"model": "blog.blog", "pk": 9, "fields": {"title": "\u7b2c-2-\u7bc7\u6587\u7ae0", "blog_type": 1, "content": "xxxxxxxx2xxxxxxxxxxxxxxx", "author": 1, "created_time": "2020-07-11T15:16:26.303", "last_updated_time": "2020-07-11T15:16:26.303"}}, {"model": "blog.blog", "pk": 10, "fields": {"title": "\u7b2c-3-\u7bc7\u6587\u7ae0", "blog_type": 1, "content": "xxxxxxxx3xxxxxxxxxxxxxxx", "author": 1, "created_time": "2020-07-11T15:16:26.338", "last_updated_time": "2020-07-11T15:16:26.338"}}, {"model": "blog.blog", "pk": 11, "fields": {"title": "\u7b2c-4-\u7bc7\u6587\u7ae0", "blog_type": 1, "content": "xxxxxxxx4xxxxxxxxxxxxxxx", "author": 1, "created_time": "2020-07-11T15:16:26.371", "last_updated_time": "2020-07-11T15:16:26.371"}}, {"model": "blog.blog", "pk": 12, "fields": {"title": "\u7b2c-5-\u7bc7\u6587\u7ae0", "blog_type": 1, "content": "xxxxxxxx5xxxxxxxxxxxxxxx", "author": 1, "created_time": "2020-07-11T15:16:26.406", "last_updated_time": "2020-07-11T15:16:26.406"}}, {"model": "blog.blog", "pk": 13, "fields": {"title": "\u7b2c-6-\u7bc7\u6587\u7ae0", "blog_type": 1, "content": "xxxxxxxx6xxxxxxxxxxxxxxx", "author": 1, "created_time": "2020-07-11T15:16:26.440", "last_updated_time": "2020-07-11T15:16:26.440"}}, {"model": "blog.blog", "pk": 14, "fields": {"title": "\u7b2c-7-\u7bc7\u6587\u7ae0", "blog_type": 1, "content": "xxxxxxxx7xxxxxxxxxxxxxxx", "author": 1, "created_time": "2020-07-11T15:16:26.565", "last_updated_time": "2020-07-11T15:16:26.565"}}, {"model": "blog.blog", "pk": 15, "fields": {"title": "\u7b2c-8-\u7bc7\u6587\u7ae0", "blog_type": 1, "content": "xxxxxxxx8xxxxxxxxxxxxxxx", "author": 1, "created_time": "2020-07-11T15:16:26.599", "last_updated_time": "2020-07-11T15:16:26.599"}}, {"model": "blog.blog", "pk": 16, "fields": {"title": "\u7b2c-9-\u7bc7\u6587\u7ae0", "blog_type": 1, "content": "xxxxxxxx9xxxxxxxxxxxxxxx", "author": 1, "created_time": "2020-07-11T15:16:26.635", "last_updated_time": "2020-07-11T15:16:26.635"}}, {"model": "blog.blog", "pk": 17, "fields": {"title": "\u7b2c-10-\u7bc7\u6587\u7ae0", "blog_type": 1, "content": "xxxxxxxx10xxxxxxxxxxxxxxx", "author": 1, "created_time": "2020-07-11T15:16:26.670", "last_updated_time": "2020-07-11T15:16:26.670"}}, {"model": "blog.blog", "pk": 18, "fields": {"title": "\u7b2c-11-\u7bc7\u6587\u7ae0", "blog_type": 1, "content": "xxxxxxxx11xxxxxxxxxxxxxxx", "author": 1, "created_time": "2020-07-11T15:16:26.704", "last_updated_time": "2020-07-11T15:16:26.704"}}, {"model": "blog.blog", "pk": 19, "fields": {"title": "\u7b2c-12-\u7bc7\u6587\u7ae0", "blog_type": 1, "content": "xxxxxxxx12xxxxxxxxxxxxxxx", "author": 1, "created_time": "2020-07-11T15:16:26.738", "last_updated_time": "2020-07-11T15:16:26.738"}}, {"model": "blog.blog", "pk": 20, "fields": {"title": "\u7b2c-13-\u7bc7\u6587\u7ae0", "blog_type": 1, "content": "xxxxxxxx13xxxxxxxxxxxxxxx", "author": 1, "created_time": "2020-07-11T15:16:26.773", "last_updated_time": "2020-07-11T15:16:26.773"}}, {"model": "blog.blog", "pk": 21, "fields": {"title": "\u7b2c-14-\u7bc7\u6587\u7ae0", "blog_type": 1, "content": "xxxxxxxx14xxxxxxxxxxxxxxx", "author": 1, "created_time": "2020-07-11T15:16:26.842", "last_updated_time": "2020-07-11T15:16:26.842"}}, {"model": "blog.blog", "pk": 22, "fields": {"title": "\u7b2c-15-\u7bc7\u6587\u7ae0", "blog_type": 1, "content": "xxxxxxxx15xxxxxxxxxxxxxxx", "author": 1, "created_time": "2020-07-11T15:16:26.909", "last_updated_time": "2020-07-11T15:16:26.909"}}, {"model": "blog.blog", "pk": 23, "fields": {"title": "\u7b2c-16-\u7bc7\u6587\u7ae0", "blog_type": 1, "content": "xxxxxxxx16xxxxxxxxxxxxxxx", "author": 1, "created_time": "2020-07-11T15:16:26.944", "last_updated_time": "2020-07-11T15:16:26.944"}}, {"model": "blog.blog", "pk": 24, "fields": {"title": "\u7b2c-17-\u7bc7\u6587\u7ae0", "blog_type": 1, "content": "xxxxxxxx17xxxxxxxxxxxxxxx", "author": 1, "created_time": "2020-07-11T15:16:26.979", "last_updated_time": "2020-07-11T15:16:26.979"}}, {"model": "blog.blog", "pk": 25, "fields": {"title": "\u7b2c-18-\u7bc7\u6587\u7ae0", "blog_type": 1, "content": "xxxxxxxx18xxxxxxxxxxxxxxx", "author": 1, "created_time": "2020-07-11T15:16:27.060", "last_updated_time": "2020-07-11T15:16:27.060"}}, {"model": "blog.blog", "pk": 26, "fields": {"title": "\u7b2c-19-\u7bc7\u6587\u7ae0", "blog_type": 1, "content": "xxxxxxxx19xxxxxxxxxxxxxxx", "author": 1, "created_time": "2020-07-11T15:16:27.094", "last_updated_time": "2020-07-11T15:16:27.094"}}, {"model": "blog.blog", "pk": 27, "fields": {"title": "\u7b2c-20-\u7bc7\u6587\u7ae0", "blog_type": 1, "content": "xxxxxxxx20xxxxxxxxxxxxxxx", "author": 1, "created_time": "2020-07-11T15:16:27.129", "last_updated_time": "2020-07-11T15:16:27.129"}}, {"model": "blog.blog", "pk": 28, "fields": {"title": "\u7b2c-21-\u7bc7\u6587\u7ae0", "blog_type": 1, "content": "xxxxxxxx21xxxxxxxxxxxxxxx", "author": 1, "created_time": "2020-07-11T15:16:27.163", "last_updated_time": "2020-07-11T15:16:27.163"}}, {"model": "blog.blog", "pk": 29, "fields": {"title": "\u7b2c-22-\u7bc7\u6587\u7ae0", "blog_type": 1, "content": "xxxxxxxx22xxxxxxxxxxxxxxx", "author": 1, "created_time": "2020-07-11T15:16:27.198", "last_updated_time": "2020-07-11T15:16:27.198"}}, {"model": "blog.blog", "pk": 30, "fields": {"title": "\u7b2c-23-\u7bc7\u6587\u7ae0", "blog_type": 1, "content": "xxxxxxxx23xxxxxxxxxxxxxxx", "author": 1, "created_time": "2020-07-11T15:16:27.235", "last_updated_time": "2020-07-11T15:16:27.235"}}, {"model": "blog.blog", "pk": 31, "fields": {"title": "\u7b2c-24-\u7bc7\u6587\u7ae0", "blog_type": 1, "content": "xxxxxxxx24xxxxxxxxxxxxxxx", "author": 1, "created_time": "2020-07-11T15:16:27.268", "last_updated_time": "2020-07-11T15:16:27.268"}}, {"model": "blog.blog", "pk": 32, "fields": {"title": "\u7b2c-25-\u7bc7\u6587\u7ae0", "blog_type": 1, "content": "xxxxxxxx25xxxxxxxxxxxxxxx", "author": 1, "created_time": "2020-07-11T15:16:27.302", "last_updated_time": "2020-07-11T15:16:27.302"}}, {"model": "blog.blog", "pk": 33, "fields": {"title": "\u7b2c-26-\u7bc7\u6587\u7ae0", "blog_type": 1, "content": "xxxxxxxx26xxxxxxxxxxxxxxx", "author": 1, "created_time": "2020-07-11T15:16:27.336", "last_updated_time": "2020-07-11T15:16:27.336"}}, {"model": "blog.blog", "pk": 34, "fields": {"title": "\u7b2c-27-\u7bc7\u6587\u7ae0", "blog_type": 1, "content": "xxxxxxxx27xxxxxxxxxxxxxxx", "author": 1, "created_time": "2020-07-11T15:16:27.371", "last_updated_time": "2020-07-11T15:16:27.371"}}, {"model": "blog.blog", "pk": 35, "fields": {"title": "\u7b2c-28-\u7bc7\u6587\u7ae0", "blog_type": 1, "content": "xxxxxxxx28xxxxxxxxxxxxxxx", "author": 1, "created_time": "2020-07-11T15:16:27.463", "last_updated_time": "2020-07-11T15:16:27.463"}}, {"model": "blog.blog", "pk": 36, "fields": {"title": "\u7b2c-29-\u7bc7\u6587\u7ae0", "blog_type": 1, "content": "xxxxxxxx29xxxxxxxxxxxxxxx", "author": 1, "created_time": "2020-07-11T15:16:27.497", "last_updated_time": "2020-07-15T01:21:42.590"}}, {"model": "blog.blog", "pk": 37, "fields": {"title": "\u6d4b\u8bd5\u7528\u4f8b", "blog_type": 1, "content": "<h1><span style=\"color:#2ecc71\"><strong>&nbsp; \u6d4b\u8bd5\u7528\u4f8b</strong></span></h1>\r\n\r\n<p><strong>&nbsp;sd as&nbsp;<u>d sa&nbsp; &nbsp;d</u><em>dddg<img alt=\"\" src=\"/media/upload/2020/07/14/dd582da29f_kQed5CA.jpg\" style=\"float:left; height:142px; margin:0px; width:100px\" />hgghjj</em></strong></p>\r\n\r\n<p><strong><em>sd asd as</em></strong></p>\r\n\r\n<p><strong><em>&nbsp; &nbsp;&lt;script&gt;</em></strong></p>\r\n\r\n<p><strong><em>2.<span style=\"color:#16a085\">\u7684\u6492\u554a\u662f\u5927\u554a\u662f\u5927\u554a\u662f\u5927\u554a&quot; &quot;&nbsp; &nbsp; &nbsp; &nbsp; &nbsp; &nbsp; &quot;&lt;</span></em></strong>&quot;</p>", "author": 1, "created_time": "2020-07-13T15:09:58.515", "last_updated_time": "2020-07-16T13:20:45.230"}}, {"model": "blog.blog", "pk": 38, "fields": {"title": "\u7b2c\u4e00\u7bc7\u611f\u609f", "blog_type": 3, "content": "<p><img alt=\"\" src=\"/media/upload/2020/07/29/xbifqx.jpg\" style=\"height:73px; width:200px\" /></p>", "author": 1, "created_time": "2020-07-13T15:25:10.443", "last_updated_time": "2020-07-29T20:02:43.404"}}, {"model": "blog.blog", "pk": 39, "fields": {"title": "\u65b0\u7528\u6237\u5199\u7684\u535a\u5ba2", "blog_type": 3, "content": "<p>\u5bf9\u7740\u955c\u5b50\u91cc\u7684\u6211\u4e89\u8fa9\uff0c\u4ed6\u7ad9\u5728\u5bf9\u9762\u5982\u6b64\u663e\u773c\u3002</p>", "author": 2, "created_time": "2020-08-01T22:20:55.028", "last_updated_time": "2020-08-01T22:20:55.028"}}, {"model": "blog.blog", "pk": 40, "fields": {"title": "\u56f0\u6270\u4e86\u6211\u7684BUG", "blog_type": 3, "content": "<p><strong>\u89e6\u53d1\u6807\u7b7e\u7684onclick\u4e8b\u4ef6\u62a5\u9519\u5982\u4e0b\uff1a</strong></p>\r\n\r\n<p>Uncaught ReferenceError: http is not defined at<u> HTMLInputElement.onclick </u>(list.do?pageType=initialize:292)</p>\r\n\r\n<p>Uncaught ReferenceError: comment is not defined at <u>HTMLDivElement.onclick&nbsp;</u></p>\r\n\r\n<p><strong>\u89e3\u51b3\u65b9\u6cd5\uff1a</strong></p>\r\n\r\n<p>\u6211\u9047\u5230\u7684\u5c31\u662f\u65b9\u6cd5\u4e2d\u53c2\u6570\u4f7f\u7528\u6709\u95ee\u9898\uff0c\u5982\u679c\u53c2\u6570\u662f\u6570\u5b57\uff0c\u53ef\u4ee5\u4e0d\u7528\u53cc\u5f15\u53f7\u6216\u5355\u5f15\u53f7\uff0c\u5426\u5219\u5c31\u8981\u4f7f\u7528\u7528\u53cc\u5f15\u53f7\u6216\u5355\u5f15\u53f7\u62ec\u4f4f\u3002</p>\r\n\r\n<p>\u9519\u8bef\u5199\u6cd5\uff1a</p>\r\n\r\n<p>&nbsp;</p>\r\n\r\n<p>&lt;input type=&quot;button&quot; &nbsp;value=&quot;\u5f00\u542f&quot; onclick=&quot;code(abc);&quot; /&gt;</p>\r\n\r\n<p>&nbsp;</p>\r\n\r\n<p>\u6b63\u786e\u7684\u5199\u6cd5\uff1a</p>\r\n\r\n<p>&nbsp; &nbsp; \u5728onclick=&quot;code(abc);&quot;\u4e2dabc\u4e3a\u5b57\u7b26\u4e32\uff0c\u9700\u8981\u5e26\u4e0a\u5f15\u53f7\u5305\u88f9\uff0c</p>\r\n\r\n<p>&lt;input type=&quot;button&quot; &nbsp;value=&quot;\u5f00\u542f&quot; onclick=&quot;code(&#39;abc&#39;);&quot; /&gt;</p>", "author": 1, "created_time": "2020-08-02T00:01:22.566", "last_updated_time": "2020-08-02T00:01:22.566"}}, {"model": "comment.comment", "pk": 16, "fields": {"content_type": 7, "object_id": 38, "text": "asd", "comment_time": "2020-07-29T16:45:56.068", "user": 1, "root": null, "parent": null, "reply_to": null}}, {"model": "comment.comment", "pk": 18, "fields": {"content_type": 7, "object_id": 38, "text": "asd", "comment_time": "2020-07-29T18:00:22.533", "user": 1, "root": null, "parent": null, "reply_to": null}}, {"model": "comment.comment", "pk": 21, "fields": {"content_type": 7, "object_id": 38, "text": "<p>&lt;script&gt;alert(&quot;sada&quot;)&lt;/script&gt;</p>\r\n\r\n<p>&nbsp;</p>", "comment_time": "2020-07-29T20:14:39.679", "user": 1, "root": null, "parent": null, "reply_to": null}}, {"model": "comment.comment", "pk": 26, "fields": {"content_type": 7, "object_id": 38, "text": "<p>asda</p>", "comment_time": "2020-07-29T22:00:07.393", "user": 1, "root": null, "parent": null, "reply_to": null}}, {"model": "comment.comment", "pk": 27, "fields": {"content_type": 7, "object_id": 38, "text": "<p>asda</p>", "comment_time": "2020-07-29T22:01:12.159", "user": 1, "root": null, "parent": null, "reply_to": null}}, {"model": "comment.comment", "pk": 28, "fields": {"content_type": 7, "object_id": 38, "text": "<p>asda</p>", "comment_time": "2020-07-29T22:01:36.027", "user": 1, "root": null, "parent": null, "reply_to": null}}, {"model": "comment.comment", "pk": 29, "fields": {"content_type": 7, "object_id": 38, "text": "<p>asda</p>", "comment_time": "2020-07-29T22:02:20.193", "user": 1, "root": null, "parent": null, "reply_to": null}}, {"model": "comment.comment", "pk": 30, "fields": {"content_type": 7, "object_id": 38, "text": "<p>asda</p>", "comment_time": "2020-07-29T22:02:26.725", "user": 1, "root": null, "parent": null, "reply_to": null}}, {"model": "comment.comment", "pk": 31, "fields": {"content_type": 7, "object_id": 38, "text": "<p>asda</p>", "comment_time": "2020-07-29T22:02:27.400", "user": 1, "root": null, "parent": null, "reply_to": null}}, {"model": "comment.comment", "pk": 44, "fields": {"content_type": 7, "object_id": 38, "text": "<p>asda</p>", "comment_time": "2020-07-29T22:13:15.958", "user": 1, "root": null, "parent": null, "reply_to": null}}, {"model": "comment.comment", "pk": 45, "fields": {"content_type": 7, "object_id": 38, "text": "<p>woqu</p>", "comment_time": "2020-07-29T22:13:24.608", "user": 1, "root": null, "parent": null, "reply_to": null}}, {"model": "comment.comment", "pk": 46, "fields": {"content_type": 7, "object_id": 38, "text": "<p>woqu</p>", "comment_time": "2020-07-29T22:13:46.035", "user": 1, "root": null, "parent": null, "reply_to": null}}, {"model": "comment.comment", "pk": 47, "fields": {"content_type": 7, "object_id": 38, "text": "<p>woqu</p>", "comment_time": "2020-07-29T22:13:55.809", "user": 1, "root": null, "parent": null, "reply_to": null}}, {"model": "comment.comment", "pk": 48, "fields": {"content_type": 7, "object_id": 38, "text": "<p>a</p>", "comment_time": "2020-07-29T22:15:54.483", "user": 1, "root": null, "parent": null, "reply_to": null}}, {"model": "comment.comment", "pk": 50, "fields": {"content_type": 7, "object_id": 38, "text": "<p>a</p>", "comment_time": "2020-07-29T14:19:55.392", "user": 1, "root": null, "parent": null, "reply_to": null}}, {"model": "comment.comment", "pk": 51, "fields": {"content_type": 7, "object_id": 38, "text": "<p><span style=\"background-color:#1abc9c\">\u6211</span></p>", "comment_time": "2020-07-29T15:48:39.990", "user": 1, "root": null, "parent": null, "reply_to": null}}, {"model": "comment.comment", "pk": 52, "fields": {"content_type": 7, "object_id": 38, "text": "<p><span style=\"background-color:#1abc9c\">\u6211</span></p>", "comment_time": "2020-07-29T15:48:43.910", "user": 1, "root": null, "parent": null, "reply_to": null}}, {"model": "comment.comment", "pk": 53, "fields": {"content_type": 7, "object_id": 38, "text": "<p><span style=\"background-color:#1abc9c\">\u6211</span></p>", "comment_time": "2020-07-29T15:51:03.920", "user": 1, "root": null, "parent": null, "reply_to": null}}, {"model": "comment.comment", "pk": 54, "fields": {"content_type": 7, "object_id": 38, "text": "<p><span style=\"background-color:#1abc9c\">\u6211</span></p>", "comment_time": "2020-07-29T15:51:09.896", "user": 1, "root": null, "parent": null, "reply_to": null}}, {"model": "comment.comment", "pk": 55, "fields": {"content_type": 7, "object_id": 38, "text": "<p><span style=\"background-color:#1abc9c\">12313<span style=\"color:#2ecc71\">86456465456</span></span></p>", "comment_time": "2020-07-29T15:51:57.462", "user": 1, "root": null, "parent": null, "reply_to": null}}, {"model": "comment.comment", "pk": 57, "fields": {"content_type": 7, "object_id": 38, "text": "<p>\u554a\u662f\u5927</p>", "comment_time": "2020-07-30T00:06:54.082", "user": 1, "root": null, "parent": null, "reply_to": null}}, {"model": "comment.comment", "pk": 65, "fields": {"content_type": 7, "object_id": 4, "text": "<p>\u554a\u662f\u5927</p>", "comment_time": "2020-07-30T07:43:31.356", "user": 1, "root": null, "parent": null, "reply_to": null}}, {"model": "comment.comment", "pk": 104, "fields": {"content_type": 7, "object_id": 38, "text": "<p>\u554a\u662f\u5927</p>", "comment_time": "2020-07-31T22:37:10.696", "user": 1, "root": null, "parent": null, "reply_to": null}}, {"model": "comment.comment", "pk": 105, "fields": {"content_type": 7, "object_id": 38, "text": "<p><img alt=\"sad\" height=\"23\" src=\"http://127.0.0.1:8000/static/ckeditor/ckeditor/plugins/smiley/images/sad_smile.png\" title=\"sad\" width=\"23\" /></p>", "comment_time": "2020-07-31T22:37:25.492", "user": 1, "root": null, "parent": null, "reply_to": null}}, {"model": "comment.comment", "pk": 106, "fields": {"content_type": 7, "object_id": 38, "text": "<p>&lt;a href=&quot;javascript:alert(&quot;asdasd&quot;));&quot;&gt;\u56de\u590d&lt;/a&gt;</p>", "comment_time": "2020-07-31T22:47:44.103", "user": 1, "root": null, "parent": null, "reply_to": null}}, {"model": "comment.comment", "pk": 107, "fields": {"content_type": 7, "object_id": 38, "text": "<p>&lt;body&nbsp;onload=&quot;alert(&#39;OK&#39;);&quot;&gt;</p>", "comment_time": "2020-07-31T22:49:25.048", "user": 1, "root": null, "parent": null, "reply_to": null}}, {"model": "comment.comment", "pk": 108, "fields": {"content_type": 7, "object_id": 38, "text": "<p>&lt;a&gt;</p>", "comment_time": "2020-07-31T22:49:50.356", "user": 1, "root": null, "parent": null, "reply_to": null}}, {"model": "comment.comment", "pk": 109, "fields": {"content_type": 7, "object_id": 38, "text": "<p>%c1;alert(/xss/);//</p>", "comment_time": "2020-07-31T23:06:04.804", "user": 1, "root": null, "parent": null, "reply_to": null}}, {"model": "comment.comment", "pk": 110, "fields": {"content_type": 7, "object_id": 38, "text": "<p>&lt;iframesrc=&amp;#039;http://www.target.com?foo=&quot;xss &nbsp;autofocus/AAAAA &nbsp;&omicron;nf&omicron;cus=location=window.name//&amp;#039;<br />\r\nname=&quot;javascript:alert(&quot;XSS&quot;)&quot;&gt;&lt;/iframe&gt;</p>", "comment_time": "2020-07-31T23:09:33.091", "user": 1, "root": null, "parent": null, "reply_to": null}}, {"model": "comment.comment", "pk": 111, "fields": {"content_type": 7, "object_id": 39, "text": "<p>\u6211\u53bb</p>", "comment_time": "2020-08-01T22:21:21.775", "user": 2, "root": null, "parent": null, "reply_to": null}}, {"model": "comment.comment", "pk": 112, "fields": {"content_type": 7, "object_id": 39, "text": "<p>\u5475</p>", "comment_time": "2020-08-01T22:50:52.920", "user": 1, "root": 111, "parent": 111, "reply_to": 2}}, {"model": "comment.comment", "pk": 113, "fields": {"content_type": 7, "object_id": 39, "text": "<p>\u5927\u6492</p>", "comment_time": "2020-08-01T22:59:15.831", "user": 2, "root": 111, "parent": 112, "reply_to": 1}}, {"model": "comment.comment", "pk": 114, "fields": {"content_type": 7, "object_id": 40, "text": "<p>\u8fd9\u4e2a\u6d41\u7a0b\u522b\u5fd8\u4e86</p>", "comment_time": "2020-08-02T00:03:50.517", "user": 2, "root": null, "parent": null, "reply_to": null}}, {"model": "comment.comment", "pk": 115, "fields": {"content_type": 7, "object_id": 40, "text": "<p><img alt=\"smiley\" height=\"23\" src=\"http://127.0.0.1:8000/static/ckeditor/ckeditor/plugins/smiley/images/regular_smile.png\" title=\"smiley\" width=\"23\" /></p>", "comment_time": "2020-08-02T11:21:49.635", "user": 2, "root": null, "parent": null, "reply_to": null}}, {"model": "comment.comment", "pk": 116, "fields": {"content_type": 7, "object_id": 40, "text": "<p><img alt=\"smiley\" height=\"23\" src=\"http://127.0.0.1:8000/static/ckeditor/ckeditor/plugins/smiley/images/regular_smile.png\" title=\"smiley\" width=\"23\" /></p>", "comment_time": "2020-08-02T11:25:54.822", "user": 2, "root": null, "parent": null, "reply_to": null}}, {"model": "comment.comment", "pk": 117, "fields": {"content_type": 7, "object_id": 40, "text": "<p><img alt=\"angry\" height=\"23\" src=\"http://127.0.0.1:8000/static/ckeditor/ckeditor/plugins/smiley/images/angry_smile.png\" title=\"angry\" width=\"23\" /></p>", "comment_time": "2020-08-02T11:30:03.560", "user": 2, "root": null, "parent": null, "reply_to": null}}, {"model": "comment.comment", "pk": 118, "fields": {"content_type": 7, "object_id": 39, "text": "<p><img alt=\"sad\" height=\"23\" src=\"http://127.0.0.1:8000/static/ckeditor/ckeditor/plugins/smiley/images/sad_smile.png\" title=\"sad\" width=\"23\" /></p>", "comment_time": "2020-08-02T11:30:35.841", "user": 2, "root": null, "parent": null, "reply_to": null}}, {"model": "comment.comment", "pk": 119, "fields": {"content_type": 7, "object_id": 39, "text": "<p><img alt=\"wink\" height=\"23\" src=\"http://127.0.0.1:8000/static/ckeditor/ckeditor/plugins/smiley/images/wink_smile.png\" title=\"wink\" width=\"23\" /></p>", "comment_time": "2020-08-02T11:30:40.843", "user": 2, "root": 118, "parent": 118, "reply_to": 2}}, {"model": "comment.comment", "pk": 120, "fields": {"content_type": 7, "object_id": 40, "text": "<p><img alt=\"heart\" height=\"23\" src=\"http://127.0.0.1:8000/static/ckeditor/ckeditor/plugins/smiley/images/heart.png\" title=\"heart\" width=\"23\" /></p>", "comment_time": "2020-08-02T14:41:24.263", "user": 1, "root": null, "parent": null, "reply_to": null}}, {"model": "comment.comment", "pk": 121, "fields": {"content_type": 7, "object_id": 40, "text": "<p>\u6d4b\u8bd5</p>", "comment_time": "2020-08-04T21:13:20.041", "user": 2, "root": null, "parent": null, "reply_to": null}}, {"model": "comment.comment", "pk": 122, "fields": {"content_type": 7, "object_id": 40, "text": "<p>woqu</p>", "comment_time": "2020-08-08T11:44:40.137", "user": 11, "root": null, "parent": null, "reply_to": null}}, {"model": "comment.comment", "pk": 123, "fields": {"content_type": 7, "object_id": 40, "text": "<p>nihao</p>", "comment_time": "2020-08-08T11:46:00.099", "user": 1, "root": null, "parent": null, "reply_to": null}}, {"model": "comment.comment", "pk": 124, "fields": {"content_type": 7, "object_id": 40, "text": "<p>nihao</p>", "comment_time": "2020-08-08T12:04:46.843", "user": 1, "root": 122, "parent": 122, "reply_to": 11}}, {"model": "comment.comment", "pk": 125, "fields": {"content_type": 7, "object_id": 40, "text": "<p>nihao</p>", "comment_time": "2020-08-08T12:06:47.040", "user": 1, "root": 123, "parent": 123, "reply_to": 1}}, {"model": "comment.comment", "pk": 126, "fields": {"content_type": 7, "object_id": 40, "text": "<p>\u7ee7\u7eed\u6d4b\u8bd5\u591a\u7ebf\u7a0b</p>", "comment_time": "2020-08-08T12:20:59.369", "user": 1, "root": null, "parent": null, "reply_to": null}}, {"model": "comment.comment", "pk": 127, "fields": {"content_type": 7, "object_id": 40, "text": "<p>\u6d4b\u8bd5\u56de\u590d\u7684\u591a\u7ebf\u7a0b</p>", "comment_time": "2020-08-08T12:21:21.218", "user": 1, "root": 126, "parent": 126, "reply_to": 1}}, {"model": "comment.comment", "pk": 128, "fields": {"content_type": 7, "object_id": 40, "text": "<p><span style=\"color:#27ae60\">\u6700\u5e05\u7684\u662f\u4f60</span></p>", "comment_time": "2020-08-08T12:32:11.611", "user": 1, "root": null, "parent": null, "reply_to": null}}, {"model": "comment.comment", "pk": 129, "fields": {"content_type": 7, "object_id": 40, "text": "<p>\u6a21\u677f\u53d1\u9001\u65b9\u5f0f</p>", "comment_time": "2020-08-08T12:43:10.773", "user": 1, "root": null, "parent": null, "reply_to": null}}, {"model": "comment.comment", "pk": 130, "fields": {"content_type": 7, "object_id": 40, "text": "<p>\u70b9\u51fb\u67e5\u770b\u5f53\u524d\u535a\u5ba2</p>", "comment_time": "2020-08-08T12:44:37.514", "user": 1, "root": 129, "parent": 129, "reply_to": 1}}, {"model": "comment.comment", "pk": 131, "fields": {"content_type": 7, "object_id": 40, "text": "<p>\u518d\u6765\u4e00\u904d</p>", "comment_time": "2020-08-08T12:45:12.429", "user": 1, "root": 129, "parent": 129, "reply_to": 1}}, {"model": "comment.comment", "pk": 132, "fields": {"content_type": 7, "object_id": 40, "text": "<p><span style=\"color:#c0392b\">\u554a\u5b9e\u6253\u5b9e\u7684<img alt=\"angry\" height=\"23\" src=\"http://127.0.0.1:8000/static/ckeditor/ckeditor/plugins/smiley/images/angry_smile.png\" title=\"angry\" width=\"23\" /></span></p>", "comment_time": "2020-08-08T12:45:31.594", "user": 1, "root": null, "parent": null, "reply_to": null}}, {"model": "comment.comment", "pk": 133, "fields": {"content_type": 7, "object_id": 40, "text": "<p><span style=\"color:#16a085\"><span style=\"background-color:#16a085\">\u7b2c\u4e00\u8bbf\u95ee\u7684\u6492\u5927</span></span></p>", "comment_time": "2020-08-08T16:45:06.974", "user": 1, "root": 132, "parent": 132, "reply_to": 1}}, {"model": "comment.comment", "pk": 134, "fields": {"content_type": 7, "object_id": 40, "text": "<p><span style=\"color:#1abc9c\">\u554a\u5b9e\u6253\u5b9e</span></p>", "comment_time": "2020-08-08T16:51:25.658", "user": 1, "root": null, "parent": null, "reply_to": null}}, {"model": "comment.comment", "pk": 135, "fields": {"content_type": 7, "object_id": 40, "text": "<p><span style=\"background-color:#16a085\">\u554a\u5b9e\u6253\u5b9e\u7684</span></p>", "comment_time": "2020-08-08T16:52:26.164", "user": 1, "root": null, "parent": null, "reply_to": null}}, {"model": "comment.comment", "pk": 136, "fields": {"content_type": 7, "object_id": 40, "text": "<p><span style=\"background-color:#1abc9c\">\u963f\u4e09\u5927\u82cf\u6253</span><img alt=\"wink\" height=\"23\" src=\"http://127.0.0.1:8000/static/ckeditor/ckeditor/plugins/smiley/images/wink_smile.png\" title=\"wink\" width=\"23\" /></p>", "comment_time": "2020-08-08T16:53:25.093", "user": 1, "root": 135, "parent": 135, "reply_to": 1}}, {"model": "comment.comment", "pk": 137, "fields": {"content_type": 7, "object_id": 40, "text": "<p><span style=\"background-color:#16a085\">\u554a\u8428\u8fbe\u8428\u8fbe?</span></p>", "comment_time": "2020-08-08T16:53:41.944", "user": 1, "root": null, "parent": null, "reply_to": null}}, {"model": "comment.comment", "pk": 138, "fields": {"content_type": 7, "object_id": 40, "text": "<p>\u7ee7\u7eed\u6d4b\u8bd5</p>", "comment_time": "2020-08-08T17:04:21.883", "user": 1, "root": null, "parent": null, "reply_to": null}}, {"model": "likes.likerecord", "pk": 2, "fields": {"content_type": 7, "object_id": 38, "user": 1, "like_time": "2020-08-01T17:12:12.745"}}, {"model": "likes.likerecord", "pk": 4, "fields": {"content_type": 7, "object_id": 37, "user": 1, "like_time": "2020-08-01T21:41:13.751"}}, {"model": "likes.likerecord", "pk": 5, "fields": {"content_type": 7, "object_id": 36, "user": 1, "like_time": "2020-08-01T21:52:36.504"}}, {"model": "likes.likerecord", "pk": 6, "fields": {"content_type": 7, "object_id": 33, "user": 1, "like_time": "2020-08-01T21:57:55.897"}}, {"model": "likes.likerecord", "pk": 104, "fields": {"content_type": 7, "object_id": 33, "user": 2, "like_time": "2020-08-01T22:48:03.308"}}, {"model": "likes.likerecord", "pk": 111, "fields": {"content_type": 7, "object_id": 39, "user": 1, "like_time": "2020-08-01T22:50:34.208"}}, {"model": "likes.likerecord", "pk": 146, "fields": {"content_type": 7, "object_id": 40, "user": 2, "like_time": "2020-08-02T09:49:05.937"}}, {"model": "likes.likerecord", "pk": 147, "fields": {"content_type": 12, "object_id": 114, "user": 2, "like_time": "2020-08-02T09:49:07.946"}}, {"model": "likes.likerecord", "pk": 156, "fields": {"content_type": 12, "object_id": 116, "user": 2, "like_time": "2020-08-02T11:30:14.548"}}, {"model": "likes.likerecord", "pk": 157, "fields": {"content_type": 12, "object_id": 119, "user": 2, "like_time": "2020-08-02T11:30:42.546"}}, {"model": "likes.likerecord", "pk": 168, "fields": {"content_type": 12, "object_id": 120, "user": 1, "like_time": "2020-08-03T15:58:26.112"}}, {"model": "likes.likerecord", "pk": 169, "fields": {"content_type": 12, "object_id": 110, "user": 2, "like_time": "2020-08-04T20:56:21.284"}}, {"model": "likes.likerecord", "pk": 170, "fields": {"content_type": 7, "object_id": 38, "user": 2, "like_time": "2020-08-04T20:56:27.439"}}, {"model": "likes.likerecord", "pk": 171, "fields": {"content_type": 12, "object_id": 121, "user": 2, "like_time": "2020-08-04T21:13:25.609"}}, {"model": "likes.likerecord", "pk": 172, "fields": {"content_type": 12, "object_id": 138, "user": 1, "like_time": "2020-08-08T17:04:26.532"}}, {"model": "user.profile", "pk": 1, "fields": {"user": 1, "nickname": "\u5218\u521b"}}, {"model": "user.profile", "pk": 2, "fields": {"user": 2, "nickname": "\u5e05\u7684\u4e00\u6279"}}, {"model": "user.profile", "pk": 3, "fields": {"user": 11, "nickname": "\u4f60\u54c8"}}, {"model": "admin.logentry", "pk": 1, "fields": {"action_time": "2020-07-05T15:47:39.780", "user": 1, "content_type": 8, "object_id": "1", "object_repr": "BlogType object (1)", "action_flag": 1, "change_message": "[{\"added\": {}}]"}}, {"model": "admin.logentry", "pk": 2, "fields": {"action_time": "2020-07-05T15:47:50.137", "user": 1, "content_type": 8, "object_id": "2", "object_repr": "BlogType object (2)", "action_flag": 1, "change_message": "[{\"added\": {}}]"}}, {"model": "admin.logentry", "pk": 3, "fields": {"action_time": "2020-07-05T15:47:59.664", "user": 1, "content_type": 8, "object_id": "3", "object_repr": "BlogType object (3)", "action_flag": 1, "change_message": "[{\"added\": {}}]"}}, {"model": "admin.logentry", "pk": 4, "fields": {"action_time": "2020-07-05T15:51:37.042", "user": 1, "content_type": 7, "object_id": "1", "object_repr": "<Blog: \u7b2c\u4e00\u7bc7\u535a\u5ba2>", "action_flag": 1, "change_message": "[{\"added\": {}}]"}}, {"model": "admin.logentry", "pk": 5, "fields": {"action_time": "2020-07-06T02:59:00.233", "user": 1, "content_type": 7, "object_id": "2", "object_repr": "<Blog: \u7b2c\u4e8c\u7bc7\u535a\u5ba2>", "action_flag": 1, "change_message": "[{\"added\": {}}]"}}, {"model": "admin.logentry", "pk": 6, "fields": {"action_time": "2020-07-06T03:06:44.022", "user": 1, "content_type": 7, "object_id": "2", "object_repr": "<Blog: \u7b2c\u4e8c\u7bc7\u535a\u5ba2>", "action_flag": 3, "change_message": ""}}, {"model": "admin.logentry", "pk": 7, "fields": {"action_time": "2020-07-06T03:06:44.081", "user": 1, "content_type": 7, "object_id": "1", "object_repr": "<Blog: \u7b2c\u4e00\u7bc7\u535a\u5ba2>", "action_flag": 3, "change_message": ""}}, {"model": "admin.logentry", "pk": 8, "fields": {"action_time": "2020-07-06T03:09:06.296", "user": 1, "content_type": 7, "object_id": "3", "object_repr": "<Blog: \u7b2c\u4e00\u7bc7\u535a\u5ba2>", "action_flag": 1, "change_message": "[{\"added\": {}}]"}}, {"model": "admin.logentry", "pk": 9, "fields": {"action_time": "2020-07-06T03:12:06.560", "user": 1, "content_type": 7, "object_id": "4", "object_repr": "<Blog: \u7b2c\u4e8c\u7bc7\u535a\u5ba2>", "action_flag": 1, "change_message": "[{\"added\": {}}]"}}, {"model": "admin.logentry", "pk": 10, "fields": {"action_time": "2020-07-06T03:12:33.369", "user": 1, "content_type": 7, "object_id": "4", "object_repr": "<Blog: \u7b2c\u4e8c\u7bc7\u535a\u5ba2>", "action_flag": 2, "change_message": "[{\"changed\": {\"fields\": [\"content\"]}}]"}}, {"model": "admin.logentry", "pk": 11, "fields": {"action_time": "2020-07-06T04:42:20.526", "user": 1, "content_type": 7, "object_id": "5", "object_repr": "<Blog: \u7b2c\u4e09\u7bc7\u535a\u5ba2>", "action_flag": 1, "change_message": "[{\"added\": {}}]"}}, {"model": "admin.logentry", "pk": 12, "fields": {"action_time": "2020-07-13T15:09:58.516", "user": 1, "content_type": 7, "object_id": "37", "object_repr": "<Blog: \u6d4b\u8bd5\u7528\u4f8b>", "action_flag": 1, "change_message": "[{\"added\": {}}]"}}, {"model": "admin.logentry", "pk": 13, "fields": {"action_time": "2020-07-13T15:24:12.280", "user": 1, "content_type": 7, "object_id": "5", "object_repr": "<Blog: \u7b2c\u4e09\u7bc7\u535a\u5ba2>", "action_flag": 3, "change_message": ""}}, {"model": "admin.logentry", "pk": 14, "fields": {"action_time": "2020-07-13T15:25:10.444", "user": 1, "content_type": 7, "object_id": "38", "object_repr": "<Blog: \u7b2c\u4e00\u7bc7\u611f\u609f>", "action_flag": 1, "change_message": "[{\"added\": {}}]"}}, {"model": "admin.logentry", "pk": 15, "fields": {"action_time": "2020-07-14T03:40:20.459", "user": 1, "content_type": 7, "object_id": "38", "object_repr": "<Blog: \u7b2c\u4e00\u7bc7\u611f\u609f>", "action_flag": 2, "change_message": "[{\"changed\": {\"fields\": [\"content\"]}}]"}}, {"model": "admin.logentry", "pk": 16, "fields": {"action_time": "2020-07-14T04:27:22.351", "user": 1, "content_type": 7, "object_id": "37", "object_repr": "<Blog: \u6d4b\u8bd5\u7528\u4f8b>", "action_flag": 2, "change_message": "[{\"changed\": {\"fields\": [\"content\"]}}]"}}, {"model": "admin.logentry", "pk": 17, "fields": {"action_time": "2020-07-14T12:29:13.138", "user": 1, "content_type": 7, "object_id": "37", "object_repr": "<Blog: \u6d4b\u8bd5\u7528\u4f8b>", "action_flag": 2, "change_message": "[{\"changed\": {\"fields\": [\"content\"]}}]"}}, {"model": "admin.logentry", "pk": 18, "fields": {"action_time": "2020-07-14T12:30:12.575", "user": 1, "content_type": 7, "object_id": "37", "object_repr": "<Blog: \u6d4b\u8bd5\u7528\u4f8b>", "action_flag": 2, "change_message": "[{\"changed\": {\"fields\": [\"content\"]}}]"}}, {"model": "admin.logentry", "pk": 19, "fields": {"action_time": "2020-07-14T12:30:41.032", "user": 1, "content_type": 7, "object_id": "37", "object_repr": "<Blog: \u6d4b\u8bd5\u7528\u4f8b>", "action_flag": 2, "change_message": "[{\"changed\": {\"fields\": [\"content\"]}}]"}}, {"model": "admin.logentry", "pk": 20, "fields": {"action_time": "2020-07-14T13:28:21.758", "user": 1, "content_type": 7, "object_id": "37", "object_repr": "<Blog: \u6d4b\u8bd5\u7528\u4f8b>", "action_flag": 2, "change_message": "[{\"changed\": {\"fields\": [\"content\"]}}]"}}, {"model": "admin.logentry", "pk": 21, "fields": {"action_time": "2020-07-14T13:36:14.194", "user": 1, "content_type": 7, "object_id": "37", "object_repr": "<Blog: \u6d4b\u8bd5\u7528\u4f8b>", "action_flag": 2, "change_message": "[{\"changed\": {\"fields\": [\"content\"]}}]"}}, {"model": "admin.logentry", "pk": 22, "fields": {"action_time": "2020-07-14T13:42:25.306", "user": 1, "content_type": 7, "object_id": "37", "object_repr": "<Blog: \u6d4b\u8bd5\u7528\u4f8b>", "action_flag": 2, "change_message": "[{\"changed\": {\"fields\": [\"content\"]}}]"}}, {"model": "admin.logentry", "pk": 23, "fields": {"action_time": "2020-07-14T13:45:21.207", "user": 1, "content_type": 7, "object_id": "37", "object_repr": "<Blog: \u6d4b\u8bd5\u7528\u4f8b>", "action_flag": 2, "change_message": "[{\"changed\": {\"fields\": [\"content\"]}}]"}}, {"model": "admin.logentry", "pk": 24, "fields": {"action_time": "2020-07-14T14:36:03.796", "user": 1, "content_type": 7, "object_id": "37", "object_repr": "<Blog: \u6d4b\u8bd5\u7528\u4f8b>", "action_flag": 2, "change_message": "[{\"changed\": {\"fields\": [\"content\"]}}]"}}, {"model": "admin.logentry", "pk": 25, "fields": {"action_time": "2020-07-14T14:36:36.356", "user": 1, "content_type": 7, "object_id": "37", "object_repr": "<Blog: \u6d4b\u8bd5\u7528\u4f8b>", "action_flag": 2, "change_message": "[{\"changed\": {\"fields\": [\"content\"]}}]"}}, {"model": "admin.logentry", "pk": 26, "fields": {"action_time": "2020-07-14T14:37:50.015", "user": 1, "content_type": 7, "object_id": "37", "object_repr": "<Blog: \u6d4b\u8bd5\u7528\u4f8b>", "action_flag": 2, "change_message": "[{\"changed\": {\"fields\": [\"content\"]}}]"}}, {"model": "admin.logentry", "pk": 27, "fields": {"action_time": "2020-07-14T14:38:55.107", "user": 1, "content_type": 7, "object_id": "37", "object_repr": "<Blog: \u6d4b\u8bd5\u7528\u4f8b>", "action_flag": 2, "change_message": "[{\"changed\": {\"fields\": [\"content\"]}}]"}}, {"model": "admin.logentry", "pk": 28, "fields": {"action_time": "2020-07-14T14:40:08.766", "user": 1, "content_type": 7, "object_id": "37", "object_repr": "<Blog: \u6d4b\u8bd5\u7528\u4f8b>", "action_flag": 2, "change_message": "[{\"changed\": {\"fields\": [\"content\", \"read_num\"]}}]"}}, {"model": "admin.logentry", "pk": 29, "fields": {"action_time": "2020-07-16T11:52:45.842", "user": 1, "content_type": 9, "object_id": "1", "object_repr": "ReadNum object (1)", "action_flag": 1, "change_message": "[{\"added\": {}}]"}}, {"model": "admin.logentry", "pk": 30, "fields": {"action_time": "2020-07-16T12:34:28.158", "user": 1, "content_type": 9, "object_id": "1", "object_repr": "11", "action_flag": 2, "change_message": "[{\"changed\": {\"fields\": [\"read_num\"]}}]"}}, {"model": "admin.logentry", "pk": 31, "fields": {"action_time": "2020-07-16T12:34:36.004", "user": 1, "content_type": 9, "object_id": "2", "object_repr": "2", "action_flag": 1, "change_message": "[{\"added\": {}}]"}}, {"model": "admin.logentry", "pk": 32, "fields": {"action_time": "2020-07-22T06:59:17.059", "user": 1, "content_type": 10, "object_id": "1", "object_repr": "ReadNum object (1)", "action_flag": 1, "change_message": "[{\"added\": {}}]"}}, {"model": "admin.logentry", "pk": 33, "fields": {"action_time": "2020-07-22T07:14:08.378", "user": 1, "content_type": 10, "object_id": "2", "object_repr": "ReadNum object (2)", "action_flag": 1, "change_message": "[{\"added\": {}}]"}}, {"model": "admin.logentry", "pk": 34, "fields": {"action_time": "2020-07-22T07:29:59.519", "user": 1, "content_type": 10, "object_id": "2", "object_repr": "ReadNum object (2)", "action_flag": 3, "change_message": ""}}, {"model": "admin.logentry", "pk": 35, "fields": {"action_time": "2020-07-24T12:11:04.905", "user": 1, "content_type": 11, "object_id": "1", "object_repr": "ReadDetail object (1)", "action_flag": 1, "change_message": "[{\"added\": {}}]"}}, {"model": "admin.logentry", "pk": 36, "fields": {"action_time": "2020-07-24T12:13:11.337", "user": 1, "content_type": 11, "object_id": "1", "object_repr": "ReadDetail object (1)", "action_flag": 3, "change_message": ""}}, {"model": "admin.logentry", "pk": 37, "fields": {"action_time": "2020-07-24T12:13:20.990", "user": 1, "content_type": 11, "object_id": "2", "object_repr": "ReadDetail object (2)", "action_flag": 1, "change_message": "[{\"added\": {}}]"}}, {"model": "admin.logentry", "pk": 38, "fields": {"action_time": "2020-07-25T11:55:55.656", "user": 1, "content_type": 11, "object_id": "9", "object_repr": "ReadDetail object (9)", "action_flag": 1, "change_message": "[{\"added\": {}}]"}}, {"model": "admin.logentry", "pk": 39, "fields": {"action_time": "2020-07-26T22:45:26.782", "user": 1, "content_type": 12, "object_id": "2", "object_repr": "Comment object (2)", "action_flag": 3, "change_message": ""}}, {"model": "admin.logentry", "pk": 40, "fields": {"action_time": "2020-07-26T22:45:26.838", "user": 1, "content_type": 12, "object_id": "1", "object_repr": "Comment object (1)", "action_flag": 3, "change_message": ""}}, {"model": "admin.logentry", "pk": 41, "fields": {"action_time": "2020-07-28T16:10:30.206", "user": 1, "content_type": 4, "object_id": "2", "object_repr": "first_num", "action_flag": 2, "change_message": "[{\"changed\": {\"fields\": [\"is_staff\", \"last_login\"]}}]"}}, {"model": "admin.logentry", "pk": 42, "fields": {"action_time": "2020-07-28T17:03:25.754", "user": 1, "content_type": 4, "object_id": "3", "object_repr": "first_num_2", "action_flag": 3, "change_message": ""}}, {"model": "admin.logentry", "pk": 43, "fields": {"action_time": "2020-07-28T17:06:50.356", "user": 1, "content_type": 4, "object_id": "5", "object_repr": "first_num_3", "action_flag": 2, "change_message": "[{\"changed\": {\"fields\": [\"email\", \"last_login\"]}}]"}}, {"model": "admin.logentry", "pk": 44, "fields": {"action_time": "2020-07-28T17:12:45.133", "user": 1, "content_type": 4, "object_id": "4", "object_repr": "first_num_2", "action_flag": 3, "change_message": ""}}, {"model": "admin.logentry", "pk": 45, "fields": {"action_time": "2020-07-28T17:12:45.195", "user": 1, "content_type": 4, "object_id": "5", "object_repr": "first_num_3", "action_flag": 3, "change_message": ""}}, {"model": "admin.logentry", "pk": 46, "fields": {"action_time": "2020-07-28T17:12:45.229", "user": 1, "content_type": 4, "object_id": "6", "object_repr": "first_num_4", "action_flag": 3, "change_message": ""}}, {"model": "admin.logentry", "pk": 47, "fields": {"action_time": "2020-07-28T17:12:45.264", "user": 1, "content_type": 4, "object_id": "7", "object_repr": "first_num_6", "action_flag": 3, "change_message": ""}}, {"model": "admin.logentry", "pk": 48, "fields": {"action_time": "2020-07-29T20:01:26.515", "user": 1, "content_type": 7, "object_id": "38", "object_repr": "<Blog: \u7b2c\u4e00\u7bc7\u611f\u609f>", "action_flag": 2, "change_message": "[{\"changed\": {\"fields\": [\"content\"]}}]"}}, {"model": "admin.logentry", "pk": 49, "fields": {"action_time": "2020-07-29T20:01:57.611", "user": 1, "content_type": 7, "object_id": "38", "object_repr": "<Blog: \u7b2c\u4e00\u7bc7\u611f\u609f>", "action_flag": 2, "change_message": "[]"}}, {"model": "admin.logentry", "pk": 50, "fields": {"action_time": "2020-07-29T20:02:43.406", "user": 1, "content_type": 7, "object_id": "38", "object_repr": "<Blog: \u7b2c\u4e00\u7bc7\u611f\u609f>", "action_flag": 2, "change_message": "[{\"changed\": {\"fields\": [\"content\"]}}]"}}, {"model": "admin.logentry", "pk": 51, "fields": {"action_time": "2020-07-30T15:41:03.056", "user": 1, "content_type": 12, "object_id": "67", "object_repr": "Comment object (67)", "action_flag": 1, "change_message": "[{\"added\": {}}]"}}, {"model": "admin.logentry", "pk": 52, "fields": {"action_time": "2020-07-30T15:52:48.082", "user": 1, "content_type": 12, "object_id": "66", "object_repr": "<p>\u5927\u7684</p>", "action_flag": 3, "change_message": ""}}, {"model": "admin.logentry", "pk": 53, "fields": {"action_time": "2020-07-30T15:53:05.723", "user": 1, "content_type": 12, "object_id": "67", "object_repr": "123456", "action_flag": 3, "change_message": ""}}, {"model": "admin.logentry", "pk": 54, "fields": {"action_time": "2020-07-30T15:53:32.395", "user": 1, "content_type": 12, "object_id": "68", "object_repr": "258741", "action_flag": 1, "change_message": "[{\"added\": {}}]"}}, {"model": "admin.logentry", "pk": 55, "fields": {"action_time": "2020-07-30T16:44:29.416", "user": 1, "content_type": 12, "object_id": "68", "object_repr": "258741", "action_flag": 2, "change_message": "[{\"changed\": {\"fields\": [\"root\", \"parent\", \"reply_to\"]}}]"}}, {"model": "admin.logentry", "pk": 56, "fields": {"action_time": "2020-07-30T19:30:45.338", "user": 1, "content_type": 12, "object_id": "68", "object_repr": "258741", "action_flag": 2, "change_message": "[{\"changed\": {\"fields\": [\"reply_to\"]}}]"}}, {"model": "admin.logentry", "pk": 57, "fields": {"action_time": "2020-07-30T19:31:06.304", "user": 1, "content_type": 12, "object_id": "68", "object_repr": "258741", "action_flag": 2, "change_message": "[{\"changed\": {\"fields\": [\"user\", \"reply_to\"]}}]"}}, {"model": "admin.logentry", "pk": 58, "fields": {"action_time": "2020-07-30T19:39:00.362", "user": 1, "content_type": 12, "object_id": "68", "object_repr": "258741", "action_flag": 2, "change_message": "[{\"changed\": {\"fields\": [\"user\"]}}]"}}, {"model": "admin.logentry", "pk": 59, "fields": {"action_time": "2020-07-30T22:29:51.924", "user": 1, "content_type": 12, "object_id": "78", "object_repr": "<p>..</p>", "action_flag": 3, "change_message": ""}}, {"model": "admin.logentry", "pk": 60, "fields": {"action_time": "2020-07-30T22:29:51.972", "user": 1, "content_type": 12, "object_id": "77", "object_repr": "<p>.</p>", "action_flag": 3, "change_message": ""}}, {"model": "admin.logentry", "pk": 61, "fields": {"action_time": "2020-07-30T22:29:52.008", "user": 1, "content_type": 12, "object_id": "76", "object_repr": "<p>\u3002</p>", "action_flag": 3, "change_message": ""}}, {"model": "admin.logentry", "pk": 62, "fields": {"action_time": "2020-07-30T22:29:52.044", "user": 1, "content_type": 12, "object_id": "75", "object_repr": "<p><img alt=\"sad\" height=\"23\" src=\"http://127.0.0.1:8000/static/ckeditor/ckeditor/plugins/smiley/images/sad_smile.png\" title=\"sad\" width=\"23\" /></p>", "action_flag": 3, "change_message": ""}}, {"model": "admin.logentry", "pk": 63, "fields": {"action_time": "2020-07-30T22:29:52.078", "user": 1, "content_type": 12, "object_id": "74", "object_repr": "<p><img alt=\"sad\" height=\"23\" src=\"http://127.0.0.1:8000/static/ckeditor/ckeditor/plugins/smiley/images/sad_smile.png\" title=\"sad\" width=\"23\" /></p>", "action_flag": 3, "change_message": ""}}, {"model": "admin.logentry", "pk": 64, "fields": {"action_time": "2020-07-31T15:06:09.233", "user": 1, "content_type": 12, "object_id": "3", "object_repr": "123", "action_flag": 3, "change_message": ""}}, {"model": "admin.logentry", "pk": 65, "fields": {"action_time": "2020-07-31T15:07:46.253", "user": 1, "content_type": 12, "object_id": "90", "object_repr": "<p><img alt=\"angry\" height=\"23\" src=\"http://127.0.0.1:8000/static/ckeditor/ckeditor/plugins/smiley/images/angry_smile.png\" title=\"angry\" width=\"23\" /></p>", "action_flag": 3, "change_message": ""}}, {"model": "admin.logentry", "pk": 66, "fields": {"action_time": "2020-07-31T15:08:32.557", "user": 1, "content_type": 12, "object_id": "89", "object_repr": "<p>\u554a\u662f\u5927</p>", "action_flag": 3, "change_message": ""}}, {"model": "admin.logentry", "pk": 67, "fields": {"action_time": "2020-07-31T15:08:32.611", "user": 1, "content_type": 12, "object_id": "88", "object_repr": "<p>123</p>", "action_flag": 3, "change_message": ""}}, {"model": "admin.logentry", "pk": 68, "fields": {"action_time": "2020-07-31T15:08:32.646", "user": 1, "content_type": 12, "object_id": "87", "object_repr": "<p>456</p>", "action_flag": 3, "change_message": ""}}, {"model": "admin.logentry", "pk": 69, "fields": {"action_time": "2020-07-31T15:08:32.680", "user": 1, "content_type": 12, "object_id": "86", "object_repr": "<p>123</p>", "action_flag": 3, "change_message": ""}}, {"model": "admin.logentry", "pk": 70, "fields": {"action_time": "2020-07-31T15:08:32.716", "user": 1, "content_type": 12, "object_id": "85", "object_repr": "<p>\u6211\u53bb</p>", "action_flag": 3, "change_message": ""}}, {"model": "admin.logentry", "pk": 71, "fields": {"action_time": "2020-07-31T15:08:32.750", "user": 1, "content_type": 12, "object_id": "84", "object_repr": "<p><img alt=\"heart\" height=\"23\" src=\"http://127.0.0.1:8000/static/ckeditor/ckeditor/plugins/smiley/images/heart.png\" title=\"heart\" width=\"23\" /></p>", "action_flag": 3, "change_message": ""}}, {"model": "admin.logentry", "pk": 72, "fields": {"action_time": "2020-07-31T15:08:32.786", "user": 1, "content_type": 12, "object_id": "83", "object_repr": "<p>\u662f</p>", "action_flag": 3, "change_message": ""}}, {"model": "admin.logentry", "pk": 73, "fields": {"action_time": "2020-07-31T15:08:32.820", "user": 1, "content_type": 12, "object_id": "82", "object_repr": "<p><img alt=\"broken heart\" height=\"23\" src=\"http://127.0.0.1:8000/static/ckeditor/ckeditor/plugins/smiley/images/broken_heart.png\" title=\"broken heart\" width=\"23\" /></p>", "action_flag": 3, "change_message": ""}}, {"model": "admin.logentry", "pk": 74, "fields": {"action_time": "2020-07-31T15:08:32.854", "user": 1, "content_type": 12, "object_id": "81", "object_repr": "<p><img alt=\"broken heart\" height=\"23\" src=\"http://127.0.0.1:8000/static/ckeditor/ckeditor/plugins/smiley/images/broken_heart.png\" title=\"broken heart\" width=\"23\" /></p>", "action_flag": 3, "change_message": ""}}, {"model": "admin.logentry", "pk": 75, "fields": {"action_time": "2020-07-31T15:08:32.889", "user": 1, "content_type": 12, "object_id": "80", "object_repr": "<p><img alt=\"heart\" height=\"23\" src=\"http://127.0.0.1:8000/static/ckeditor/ckeditor/plugins/smiley/images/heart.png\" title=\"heart\" width=\"23\" /></p>", "action_flag": 3, "change_message": ""}}, {"model": "admin.logentry", "pk": 76, "fields": {"action_time": "2020-07-31T15:08:32.924", "user": 1, "content_type": 12, "object_id": "79", "object_repr": "<p>..</p>", "action_flag": 3, "change_message": ""}}, {"model": "admin.logentry", "pk": 77, "fields": {"action_time": "2020-07-31T15:08:32.958", "user": 1, "content_type": 12, "object_id": "73", "object_repr": "<p><img alt=\"smiley\" height=\"23\" src=\"http://127.0.0.1:8000/static/ckeditor/ckeditor/plugins/smiley/images/regular_smile.png\" title=\"smiley\" width=\"23\" /></p>", "action_flag": 3, "change_message": ""}}, {"model": "admin.logentry", "pk": 78, "fields": {"action_time": "2020-07-31T15:08:32.992", "user": 1, "content_type": 12, "object_id": "72", "object_repr": "<p><img alt=\"angry\" height=\"23\" src=\"http://127.0.0.1:8000/static/ckeditor/ckeditor/plugins/smiley/images/angry_smile.png\" title=\"angry\" width=\"23\" /></p>", "action_flag": 3, "change_message": ""}}, {"model": "admin.logentry", "pk": 79, "fields": {"action_time": "2020-07-31T15:10:16.755", "user": 1, "content_type": 12, "object_id": "71", "object_repr": "<p><img alt=\"cool\" height=\"23\" src=\"http://127.0.0.1:8000/static/ckeditor/ckeditor/plugins/smiley/images/shades_smile.png\" title=\"cool\" width=\"23\" /></p>", "action_flag": 3, "change_message": ""}}, {"model": "admin.logentry", "pk": 80, "fields": {"action_time": "2020-07-31T17:04:55.705", "user": 1, "content_type": 4, "object_id": "2", "object_repr": "first_num", "action_flag": 2, "change_message": "[{\"changed\": {\"fields\": [\"password\"]}}]"}}, {"model": "admin.logentry", "pk": 81, "fields": {"action_time": "2020-07-31T17:07:22.157", "user": 1, "content_type": 4, "object_id": "2", "object_repr": "first_num", "action_flag": 2, "change_message": "[{\"changed\": {\"fields\": [\"user_permissions\", \"last_login\"]}}]"}}, {"model": "admin.logentry", "pk": 82, "fields": {"action_time": "2020-07-31T17:08:43.244", "user": 1, "content_type": 4, "object_id": "2", "object_repr": "first_num", "action_flag": 2, "change_message": "[{\"changed\": {\"fields\": [\"user_permissions\", \"last_login\"]}}]"}}, {"model": "admin.logentry", "pk": 83, "fields": {"action_time": "2020-07-31T19:21:07.429", "user": 1, "content_type": 12, "object_id": "4", "object_repr": "123", "action_flag": 3, "change_message": ""}}, {"model": "admin.logentry", "pk": 84, "fields": {"action_time": "2020-07-31T19:21:07.495", "user": 1, "content_type": 12, "object_id": "5", "object_repr": "\u6211\u53bb\u5b9e\u73b0\u4e86\u5427", "action_flag": 3, "change_message": ""}}, {"model": "admin.logentry", "pk": 85, "fields": {"action_time": "2020-07-31T19:21:07.529", "user": 1, "content_type": 12, "object_id": "6", "object_repr": "254", "action_flag": 3, "change_message": ""}}, {"model": "admin.logentry", "pk": 86, "fields": {"action_time": "2020-07-31T19:21:07.563", "user": 1, "content_type": 12, "object_id": "7", "object_repr": "12", "action_flag": 3, "change_message": ""}}, {"model": "admin.logentry", "pk": 87, "fields": {"action_time": "2020-07-31T19:21:07.597", "user": 1, "content_type": 12, "object_id": "8", "object_repr": "123", "action_flag": 3, "change_message": ""}}, {"model": "admin.logentry", "pk": 88, "fields": {"action_time": "2020-07-31T19:21:07.632", "user": 1, "content_type": 12, "object_id": "9", "object_repr": "123", "action_flag": 3, "change_message": ""}}, {"model": "admin.logentry", "pk": 89, "fields": {"action_time": "2020-07-31T19:21:07.666", "user": 1, "content_type": 12, "object_id": "10", "object_repr": "\u6211\u8bd5\u8bd5\u770b\u662f\u4e0d\u662f\u63d0\u4ea4\u6210\u529f\u4e86", "action_flag": 3, "change_message": ""}}, {"model": "admin.logentry", "pk": 90, "fields": {"action_time": "2020-07-31T19:21:07.701", "user": 1, "content_type": 12, "object_id": "11", "object_repr": "123", "action_flag": 3, "change_message": ""}}, {"model": "admin.logentry", "pk": 91, "fields": {"action_time": "2020-07-31T19:21:07.736", "user": 1, "content_type": 12, "object_id": "12", "object_repr": "123456789", "action_flag": 3, "change_message": ""}}, {"model": "admin.logentry", "pk": 92, "fields": {"action_time": "2020-07-31T19:21:07.770", "user": 1, "content_type": 12, "object_id": "13", "object_repr": "123", "action_flag": 3, "change_message": ""}}, {"model": "admin.logentry", "pk": 93, "fields": {"action_time": "2020-07-31T19:21:07.806", "user": 1, "content_type": 12, "object_id": "14", "object_repr": "12456", "action_flag": 3, "change_message": ""}}, {"model": "admin.logentry", "pk": 94, "fields": {"action_time": "2020-07-31T19:21:07.841", "user": 1, "content_type": 12, "object_id": "15", "object_repr": "123456789", "action_flag": 3, "change_message": ""}}, {"model": "admin.logentry", "pk": 95, "fields": {"action_time": "2020-07-31T19:21:54.890", "user": 1, "content_type": 12, "object_id": "101", "object_repr": "<p><img alt=\"broken heart\" height=\"23\" src=\"http://127.0.0.1:8000/static/ckeditor/ckeditor/plugins/smiley/images/broken_heart.png\" title=\"broken heart\" width=\"23\" /></p>", "action_flag": 3, "change_message": ""}}, {"model": "admin.logentry", "pk": 96, "fields": {"action_time": "2020-07-31T19:21:54.950", "user": 1, "content_type": 12, "object_id": "100", "object_repr": "<p><img alt=\"angry\" height=\"23\" src=\"http://127.0.0.1:8000/static/ckeditor/ckeditor/plugins/smiley/images/angry_smile.png\" title=\"angry\" width=\"23\" /></p>", "action_flag": 3, "change_message": ""}}, {"model": "admin.logentry", "pk": 97, "fields": {"action_time": "2020-07-31T19:21:54.984", "user": 1, "content_type": 12, "object_id": "99", "object_repr": "<p><img alt=\"angry\" height=\"23\" src=\"http://127.0.0.1:8000/static/ckeditor/ckeditor/plugins/smiley/images/angry_smile.png\" title=\"angry\" width=\"23\" /></p>", "action_flag": 3, "change_message": ""}}, {"model": "admin.logentry", "pk": 98, "fields": {"action_time": "2020-07-31T19:30:09.250", "user": 1, "content_type": 12, "object_id": "101", "object_repr": "<p><img alt=\"broken heart\" height=\"23\" src=\"http://127.0.0.1:8000/static/ckeditor/ckeditor/plugins/smiley/images/broken_heart.png\" title=\"broken heart\" width=\"23\" /></p>", "action_flag": 3, "change_message": ""}}, {"model": "admin.logentry", "pk": 99, "fields": {"action_time": "2020-07-31T19:30:09.311", "user": 1, "content_type": 12, "object_id": "100", "object_repr": "<p><img alt=\"angry\" height=\"23\" src=\"http://127.0.0.1:8000/static/ckeditor/ckeditor/plugins/smiley/images/angry_smile.png\" title=\"angry\" width=\"23\" /></p>", "action_flag": 3, "change_message": ""}}, {"model": "admin.logentry", "pk": 100, "fields": {"action_time": "2020-07-31T19:30:09.346", "user": 1, "content_type": 12, "object_id": "99", "object_repr": "<p><img alt=\"angry\" height=\"23\" src=\"http://127.0.0.1:8000/static/ckeditor/ckeditor/plugins/smiley/images/angry_smile.png\" title=\"angry\" width=\"23\" /></p>", "action_flag": 3, "change_message": ""}}, {"model": "admin.logentry", "pk": 101, "fields": {"action_time": "2020-07-31T19:30:37.931", "user": 1, "content_type": 12, "object_id": "98", "object_repr": "<p><img alt=\"smiley\" height=\"23\" src=\"http://127.0.0.1:8000/static/ckeditor/ckeditor/plugins/smiley/images/regular_smile.png\" title=\"smiley\" width=\"23\" /></p>", "action_flag": 3, "change_message": ""}}, {"model": "admin.logentry", "pk": 102, "fields": {"action_time": "2020-07-31T19:30:37.999", "user": 1, "content_type": 12, "object_id": "97", "object_repr": "<p><img alt=\"smiley\" height=\"23\" src=\"http://127.0.0.1:8000/static/ckeditor/ckeditor/plugins/smiley/images/regular_smile.png\" title=\"smiley\" width=\"23\" /></p>", "action_flag": 3, "change_message": ""}}, {"model": "admin.logentry", "pk": 103, "fields": {"action_time": "2020-07-31T19:30:38.033", "user": 1, "content_type": 12, "object_id": "96", "object_repr": "<p><img alt=\"smiley\" height=\"23\" src=\"http://127.0.0.1:8000/static/ckeditor/ckeditor/plugins/smiley/images/regular_smile.png\" title=\"smiley\" width=\"23\" /></p>", "action_flag": 3, "change_message": ""}}, {"model": "admin.logentry", "pk": 104, "fields": {"action_time": "2020-07-31T19:30:38.068", "user": 1, "content_type": 12, "object_id": "95", "object_repr": "<p><img alt=\"smiley\" height=\"23\" src=\"http://127.0.0.1:8000/static/ckeditor/ckeditor/plugins/smiley/images/regular_smile.png\" title=\"smiley\" width=\"23\" /></p>", "action_flag": 3, "change_message": ""}}, {"model": "admin.logentry", "pk": 105, "fields": {"action_time": "2020-07-31T19:30:38.103", "user": 1, "content_type": 12, "object_id": "94", "object_repr": "<p><img alt=\"wink\" height=\"23\" src=\"http://127.0.0.1:8000/static/ckeditor/ckeditor/plugins/smiley/images/wink_smile.png\" title=\"wink\" width=\"23\" /></p>", "action_flag": 3, "change_message": ""}}, {"model": "admin.logentry", "pk": 106, "fields": {"action_time": "2020-07-31T19:30:38.137", "user": 1, "content_type": 12, "object_id": "93", "object_repr": "<p><img alt=\"wink\" height=\"23\" src=\"http://127.0.0.1:8000/static/ckeditor/ckeditor/plugins/smiley/images/wink_smile.png\" title=\"wink\" width=\"23\" /></p>", "action_flag": 3, "change_message": ""}}, {"model": "admin.logentry", "pk": 107, "fields": {"action_time": "2020-07-31T19:30:38.172", "user": 1, "content_type": 12, "object_id": "92", "object_repr": "<p>123</p>", "action_flag": 3, "change_message": ""}}, {"model": "admin.logentry", "pk": 108, "fields": {"action_time": "2020-07-31T19:30:38.206", "user": 1, "content_type": 12, "object_id": "91", "object_repr": "<p><img alt=\"angry\" height=\"23\" src=\"http://127.0.0.1:8000/static/ckeditor/ckeditor/plugins/smiley/images/angry_smile.png\" title=\"angry\" width=\"23\" /></p>", "action_flag": 3, "change_message": ""}}, {"model": "admin.logentry", "pk": 109, "fields": {"action_time": "2020-07-31T19:30:38.241", "user": 1, "content_type": 12, "object_id": "70", "object_repr": "<p><img alt=\"smiley\" height=\"23\" src=\"http://127.0.0.1:8000/static/ckeditor/ckeditor/plugins/smiley/images/regular_smile.png\" title=\"smiley\" width=\"23\" /></p>", "action_flag": 3, "change_message": ""}}, {"model": "admin.logentry", "pk": 110, "fields": {"action_time": "2020-07-31T19:30:38.276", "user": 1, "content_type": 12, "object_id": "69", "object_repr": "<p>asd</p>", "action_flag": 3, "change_message": ""}}, {"model": "admin.logentry", "pk": 111, "fields": {"action_time": "2020-08-01T17:12:01.161", "user": 1, "content_type": 14, "object_id": "1", "object_repr": "LikeRecord object (1)", "action_flag": 3, "change_message": ""}}, {"model": "admin.logentry", "pk": 112, "fields": {"action_time": "2020-08-01T22:20:55.030", "user": 2, "content_type": 7, "object_id": "39", "object_repr": "<Blog: \u65b0\u7528\u6237\u5199\u7684\u535a\u5ba2>", "action_flag": 1, "change_message": "[{\"added\": {}}]"}}, {"model": "admin.logentry", "pk": 113, "fields": {"action_time": "2020-08-02T00:01:22.569", "user": 2, "content_type": 7, "object_id": "40", "object_repr": "<Blog: \u56f0\u6270\u4e86\u6211\u7684BUG>", "action_flag": 1, "change_message": "[{\"added\": {}}]"}}, {"model": "admin.logentry", "pk": 114, "fields": {"action_time": "2020-08-04T11:14:12.426", "user": 1, "content_type": 15, "object_id": "1", "object_repr": "<Profile: \u5218\u521b for admin>", "action_flag": 1, "change_message": "[{\"added\": {}}]"}}, {"model": "admin.logentry", "pk": 115, "fields": {"action_time": "2020-08-05T12:45:26.141", "user": 1, "content_type": 4, "object_id": "2", "object_repr": "first_num", "action_flag": 2, "change_message": "[{\"changed\": {\"fields\": [\"email\", \"last_login\"]}}]"}}, {"model": "admin.logentry", "pk": 116, "fields": {"action_time": "2020-08-05T13:44:48.437", "user": 1, "content_type": 4, "object_id": "1", "object_repr": "admin", "action_flag": 2, "change_message": "[{\"changed\": {\"fields\": [\"email\", \"last_login\"]}}]"}}, {"model": "admin.logentry", "pk": 117, "fields": {"action_time": "2020-08-05T13:57:07.992", "user": 1, "content_type": 4, "object_id": "1", "object_repr": "admin", "action_flag": 2, "change_message": "[{\"changed\": {\"fields\": [\"email\"]}}]"}}, {"model": "admin.logentry", "pk": 118, "fields": {"action_time": "2020-08-05T14:08:53.435", "user": 1, "content_type": 4, "object_id": "1", "object_repr": "admin", "action_flag": 2, "change_message": "[{\"changed\": {\"fields\": [\"email\"]}}]"}}, {"model": "admin.logentry", "pk": 119, "fields": {"action_time": "2020-08-05T22:27:04.099", "user": 1, "content_type": 4, "object_id": "1", "object_repr": "admin", "action_flag": 2, "change_message": "[{\"changed\": {\"fields\": [\"email\", \"last_login\"]}}]"}}, {"model": "admin.logentry", "pk": 120, "fields": {"action_time": "2020-08-05T22:27:14.000", "user": 1, "content_type": 4, "object_id": "8", "object_repr": "first_num_2", "action_flag": 2, "change_message": "[{\"changed\": {\"fields\": [\"email\", \"last_login\"]}}]"}}, {"model": "admin.logentry", "pk": 121, "fields": {"action_time": "2020-08-05T22:27:51.115", "user": 1, "content_type": 4, "object_id": "8", "object_repr": "first_num_2", "action_flag": 3, "change_message": ""}}, {"model": "admin.logentry", "pk": 122, "fields": {"action_time": "2020-08-06T00:13:01.452", "user": 1, "content_type": 4, "object_id": "2", "object_repr": "first_num", "action_flag": 2, "change_message": "[{\"changed\": {\"fields\": [\"email\"]}}]"}}, {"model": "admin.logentry", "pk": 123, "fields": {"action_time": "2020-08-06T00:13:18.033", "user": 1, "content_type": 4, "object_id": "1", "object_repr": "admin", "action_flag": 2, "change_message": "[{\"changed\": {\"fields\": [\"email\", \"last_login\"]}}]"}}, {"model": "admin.logentry", "pk": 124, "fields": {"action_time": "2020-08-07T17:16:51.854", "user": 1, "content_type": 4, "object_id": "9", "object_repr": "first_num_2", "action_flag": 3, "change_message": ""}}, {"model": "admin.logentry", "pk": 125, "fields": {"action_time": "2020-08-07T17:16:57.266", "user": 1, "content_type": 4, "object_id": "10", "object_repr": "first_num_3", "action_flag": 3, "change_message": ""}}, {"model": "admin.logentry", "pk": 126, "fields": {"action_time": "2020-08-08T11:45:34.798", "user": 1, "content_type": 4, "object_id": "1", "object_repr": "admin", "action_flag": 2, "change_message": "[{\"changed\": {\"fields\": [\"email\", \"last_login\"]}}]"}}, {"model": "admin.logentry", "pk": 127, "fields": {"action_time": "2020-08-08T11:45:47.506", "user": 1, "content_type": 4, "object_id": "11", "object_repr": "admin_2", "action_flag": 2, "change_message": "[{\"changed\": {\"fields\": [\"email\", \"last_login\"]}}]"}}]